DataHora,Temperatura_Real,Regressão Linear_Previsto,Regressão Linear_Erro,Regressão Linear_Margem_Erro,Regressão Linear_%_Erro,Random Forest_Previsto,Random Forest_Erro,Random Forest_Margem_Erro,Random Forest_%_Erro,SVR_Previsto,SVR_Erro,SVR_Margem_Erro,SVR_%_Erro
2025-05-23 09:00:00,23.8,23.84694863946042,-0.04694863946042105,0.04694863946042105,0.19726319101017248,23.896453534336853,-0.09645353433685244,0.09645353433685244,0.4052669509951783,23.98512841560138,-0.18512841560137971,0.18512841560137971,0.7778504857200828
2025-05-23 10:00:00,24.4,24.159951725066975,0.24004827493302372,0.24004827493302372,0.983804405463212,24.391341008703627,0.00865899129637171,0.00865899129637171,0.035487669247425045,24.22791221267509,0.1720877873249087,0.1720877873249087,0.7052778169053636
2025-05-23 11:00:00,26.2,26.093413594780408,0.10658640521959128,0.10658640521959128,0.40681834053279115,26.170706684631597,0.029293315368402517,0.029293315368402517,0.11180654720764319,25.930428430206995,0.2695715697930048,0.2695715697930048,1.0288991213473466
2025-05-23 12:00:00,28.6,28.675665397187736,-0.07566539718773413,0.07566539718773413,0.2645643258312382,28.579960626873113,0.020039373126888194,0.020039373126888194,0.07006773820590277,28.36206319589779,0.23793680410221185,0.23793680410221185,0.8319468674902513
2025-05-23 13:00:00,30.5,30.477410227665708,0.02258977233429249,0.02258977233429249,0.07406482732554914,30.509613773971136,-0.009613773971135942,0.009613773971135942,0.03152057039716702,30.153763832263976,0.3462361677360235,0.3462361677360235,1.1352005499541753
2025-05-23 14:00:00,30.8,30.775237490497656,0.024762509502345154,0.024762509502345154,0.08039775812449725,31.003262029601288,-0.20326202960128725,0.20326202960128725,0.6599416545496339,30.762637253601703,0.03736274639829773,0.03736274639829773,0.12130761817629133
2025-05-23 15:00:00,32.5,32.215931258349215,0.2840687416507848,0.2840687416507848,0.8740576666177993,32.434545233677134,0.06545476632286551,0.06545476632286551,0.20139928099343232,32.09104584375271,0.40895415624729026,0.40895415624729026,1.2583204807608932
2025-05-23 16:00:00,31.5,31.476310127732496,0.02368987226750363,0.02368987226750363,0.07520594370636073,31.498018737189525,0.0019812628104745045,0.0019812628104745045,0.006289723207855569,31.587861810889372,-0.08786181088937184,0.08786181088937184,0.27892638377578366
2025-05-23 17:00:00,32.6,32.2980714010373,0.30192859896270363,0.30192859896270363,0.9261613465113607,32.49366705599451,0.10633294400549431,0.10633294400549431,0.32617467486347945,32.37698419256248,0.2230158074375197,0.2230158074375197,0.6840975688267475
2025-05-23 18:00:00,32.8,32.36141345938106,0.4385865406189353,0.4385865406189353,1.3371540872528518,32.72389451669835,0.0761054833016459,0.0761054833016459,0.23202891250501803,32.432627596593996,0.3673724034060015,0.3673724034060015,1.1200378152622
2025-05-23 19:00:00,26.0,25.915151675015224,0.08484832498477601,0.08484832498477601,0.3263397114799077,25.975184452872245,0.02481554712775491,0.02481554712775491,0.09544441202982659,26.139859837003797,-0.13985983700379734,0.13985983700379734,0.5379224500146051
2025-05-23 20:00:00,25.9,25.847667477754793,0.052332522245205126,0.052332522245205126,0.20205607044480745,25.89623253981129,0.003767460188708327,0.003767460188708327,0.014546178334781185,25.996006872822598,-0.09600687282259912,0.09600687282259912,0.3706829066509619
2025-05-23 21:00:00,25.8,25.624597981120186,0.1754020188798151,0.1754020188798151,0.6798527863558725,25.76290465722174,0.03709534277826165,0.03709534277826165,0.14378039836535522,25.72418181975757,0.07581818024243248,0.07581818024243248,0.29386891566834294
2025-05-23 22:00:00,25.7,25.54168016973852,0.15831983026147967,0.15831983026147967,0.6160304679435007,25.64914127847697,0.05085872152302784,0.05085872152302784,0.19789385806625617,25.610184474143697,0.08981552585630226,0.08981552585630226,0.34947675430467806
2025-05-23 23:00:00,25.6,25.57926858605309,0.020731413946911914,0.020731413946911914,0.08098208573012466,25.60976068895186,-0.009760688951857333,0.009760688951857333,0.038127691218192705,25.655044406039075,-0.055044406039073124,0.055044406039073124,0.2150172110901294
2025-05-24 00:00:00,25.4,25.44663440002875,-0.04663440002875063,0.04663440002875063,0.1836000001131915,25.47714774511033,-0.07714774511033085,0.07714774511033085,0.30373127996193244,25.529778532356975,-0.12977853235697623,0.12977853235697623,0.510939103767623
2025-05-24 01:00:00,25.0,25.054035848480204,-0.05403584848020415,0.05403584848020415,0.2161433939208166,25.141923243815285,-0.14192324381528465,0.14192324381528465,0.5676929752611386,25.149270071007763,-0.1492700710077628,0.1492700710077628,0.5970802840310512
2025-05-24 02:00:00,25.3,25.117668561151824,0.18233143884817693,0.18233143884817693,0.7206776239058377,25.20950460978841,0.09049539021158992,0.09049539021158992,0.3576892893738732,25.116066728933767,0.18393327106623403,0.18393327106623403,0.7270089765463795
2025-05-24 03:00:00,25.5,25.519067076901294,-0.019067076901293945,0.019067076901293945,0.07477285059330958,25.566345043845043,-0.06634504384504325,0.06634504384504325,0.2601766425295814,25.367920044876165,0.1320799551238352,0.1320799551238352,0.5179606083287654
2025-05-24 04:00:00,25.3,25.23686912930269,0.06313087069731083,0.06313087069731083,0.24952913319095188,25.344493726568967,-0.044493726568966,0.044493726568966,0.17586453189314621,25.09833650685221,0.20166349314779097,0.20166349314779097,0.797088905722494
2025-05-24 05:00:00,25.3,25.166784331398635,0.13321566860136613,0.13321566860136613,0.5265441446694313,25.206638274163247,0.09336172583675406,0.09336172583675406,0.3690186791966564,25.00917516857119,0.2908248314288109,0.2908248314288109,1.1495052625644697
2025-05-24 06:00:00,24.9,24.910543439581158,-0.01054343958115922,0.01054343958115922,0.042343130848028994,24.96291779179595,-0.06291779179595025,0.06291779179595025,0.2526818947628524,24.810921635205155,0.08907836479484388,0.08907836479484388,0.35774443692708385
2025-05-24 07:00:00,24.8,24.7289851241162,0.07101487588380095,0.07101487588380095,0.2863503059830684,24.714171103485437,0.08582889651456327,0.08582889651456327,0.346084260139368,24.686448181604703,0.11355181839529749,0.11355181839529749,0.4578702354649092
2025-05-24 08:00:00,24.5,24.53466423454864,-0.03466423454863943,0.03466423454863943,0.1414866716270997,24.51176793172262,-0.011767931722619807,0.011767931722619807,0.048032374378040026,24.575701375267176,-0.07570137526717602,0.07570137526717602,0.308985205172147
2025-05-24 09:00:00,24.5,24.59701540687707,-0.09701540687706967,0.09701540687706967,0.395981252559468,24.660124740214375,-0.16012474021437484,0.16012474021437484,0.6535703682219381,24.676704676874028,-0.1767046768740279,0.1767046768740279,0.721243579077665
2025-05-24 10:00:00,25.1,24.938184172758,0.16181582724200183,0.16181582724200183,0.6446845706852662,25.105113302337255,-0.0051133023372536,0.0051133023372536,0.020371722459177687,24.951483416267116,0.148516583732885,0.148516583732885,0.5916995367844023
2025-05-24 11:00:00,27.5,27.60611053469188,-0.10611053469187937,0.10611053469187937,0.3858564897886523,27.55981365800817,-0.059813658008170734,0.059813658008170734,0.21750421093880268,27.345965871876263,0.15403412812373674,0.15403412812373674,0.5601241022681336
2025-05-24 12:00:00,29.3,29.525446178917537,-0.2254461789175366,0.2254461789175366,0.7694408836775993,29.38844260461759,-0.08844260461759035,0.08844260461759035,0.30185189289279984,29.19056254692168,0.10943745307832131,0.10943745307832131,0.37350666579631847
2025-05-24 13:00:00,31.2,31.14823597601999,0.051764023980009455,0.051764023980009455,0.16591033326926108,31.081651544069945,0.11834845593005383,0.11834845593005383,0.37932197413478796,30.867042842173216,0.33295715782678315,0.33295715782678315,1.067170377649946
2025-05-24 14:00:00,31.6,31.356093597575345,0.24390640242465622,0.24390640242465622,0.7718557038754944,31.330334784445277,0.2696652155547241,0.2696652155547241,0.8533709352997598,31.29935365433192,0.30064634566808124,0.30064634566808124,0.9514124862913963
2025-05-24 15:00:00,32.0,31.681674884920195,0.318325115079805,0.318325115079805,0.9947659846243906,31.92925758260659,0.07074241739341147,0.07074241739341147,0.22107005435441085,31.70206921711774,0.29793078288226127,0.29793078288226127,0.9310336965070665
2025-05-24 16:00:00,33.0,32.60980756316188,0.3901924368381202,0.3901924368381202,1.1824013237518793,32.88882714589963,0.11117285410036715,0.11117285410036715,0.3368874366677792,32.696836915967516,0.3031630840324837,0.3031630840324837,0.9186760122196476
2025-05-24 17:00:00,32.9,32.38546823631029,0.5145317636897104,0.5145317636897104,1.5639263334033753,32.87528885485846,0.024711145141537827,0.024711145141537827,0.07510986365209066,32.52867645476372,0.37132354523627953,0.37132354523627953,1.1286429946391476
2025-05-24 18:00:00,32.4,31.999561626150125,0.40043837384987313,0.40043837384987313,1.2359209069440529,32.27890387530029,0.12109612469971154,0.12109612469971154,0.37375347129540604,32.0488976093133,0.35110239068669813,0.35110239068669813,1.0836493539712906
2025-05-24 19:00:00,32.8,32.02422146621585,0.7757785337841483,0.7757785337841483,2.3651784566589886,33.02543135129089,-0.22543135129089364,0.22543135129089364,0.6872907051551637,32.10300510657851,0.6969948934214898,0.6969948934214898,2.1249844311630786
2025-05-24 20:00:00,28.9,28.919690511767037,-0.019690511767038288,0.019690511767038288,0.06813325870947505,28.73271098346098,0.1672890165390193,0.1672890165390193,0.5788547285087172,28.98743894767939,-0.08743894767939153,0.08743894767939153,0.3025569123854378
2025-05-24 21:00:00,27.9,28.080516253428197,-0.18051625342819833,0.18051625342819833,0.6470116610329689,27.997146726190472,-0.09714672619047349,0.09714672619047349,0.3481961512203351,28.18791289608319,-0.28791289608319204,0.28791289608319204,1.0319458640974626
2025-05-24 22:00:00,27.3,27.51979694484553,-0.21979694484553036,0.21979694484553036,0.8051170140861917,27.480800682650695,-0.1808006826506947,0.1808006826506947,0.6622735628230575,27.537076586643394,-0.23707658664339348,0.23707658664339348,0.8684124052871556
2025-05-24 23:00:00,26.1,26.386527341720203,-0.2865273417202019,0.2865273417202019,1.0978059069739536,25.893533681690705,0.20646631830929607,0.20646631830929607,0.7910586908402147,26.549000494635045,-0.4490004946350439,0.4490004946350439,1.7203084085633864
2025-05-25 00:00:00,26.1,26.352948330831605,-0.25294833083160384,0.25294833083160384,0.969150692841394,26.159760177061948,-0.05976017706194625,0.05976017706194625,0.2289661956396408,26.438325568504247,-0.33832556850424567,0.33832556850424567,1.2962665459932783
2025-05-25 01:00:00,25.7,25.833992412237045,-0.1339924122370455,0.1339924122370455,0.521371253840644,25.682222860586418,0.017777139413581722,0.017777139413581722,0.06917174869097946,25.915937931121054,-0.2159379311210543,0.2159379311210543,0.8402254129223904
2025-05-25 02:00:00,25.1,25.23063293017586,-0.1306329301758602,0.1306329301758602,0.5204499210193633,25.093253838310908,0.00674616168909381,0.00674616168909381,0.026877138203560996,25.363784971877244,-0.2637849718772429,0.2637849718772429,1.0509361429372226
2025-05-25 03:00:00,25.0,25.02422390777298,-0.024223907772981335,0.024223907772981335,0.09689563109192534,24.995501377132513,0.004498622867487256,0.004498622867487256,0.017994491469949025,25.122183946329024,-0.12218394632902374,0.12218394632902374,0.488735785316095
2025-05-25 04:00:00,24.6,24.62797237623142,-0.027972376231417684,0.027972376231417684,0.11370884646917757,24.571500359964656,0.028499640035345664,0.028499640035345664,0.11585219526563277,24.755781808860526,-0.1557818088605245,0.1557818088605245,0.6332593856118882
2025-05-25 05:00:00,24.7,24.740239727747227,-0.040239727747227505,0.040239727747227505,0.1629138775191397,24.70059250741276,-0.0005925074127617336,0.0005925074127617336,0.0023988154362823222,24.8052228439077,-0.10522284390770054,0.10522284390770054,0.42600341663036656
2025-05-25 06:00:00,24.5,24.45567280997585,0.04432719002414842,0.04432719002414842,0.18092730622101397,24.451504344026816,0.04849565597318417,0.04849565597318417,0.19794145295177215,24.571921120069106,-0.07192112006910634,0.07192112006910634,0.2935555921188014
2025-05-25 07:00:00,24.4,24.36928086917348,0.030719130826518892,0.030719130826518892,0.12589807715786433,24.295899972102735,0.10410002789726391,0.10410002789726391,0.4266394585953439,24.519859707939116,-0.11985970793911704,0.11985970793911704,0.49122831122588956
2025-05-25 08:00:00,24.3,24.367476674862786,-0.0674766748627853,0.0674766748627853,0.27768178955878725,24.29433997941001,0.0056600205899890454,0.0056600205899890454,0.023292265802424057,24.555128820766885,-0.2551288207668847,0.2551288207668847,1.049912842662077
2025-05-25 09:00:00,24.3,24.26998793729377,0.03001206270623058,0.03001206270623058,0.12350643088983777,24.211550056341938,0.08844994365806258,0.08844994365806258,0.3639915376875003,24.536239634868217,-0.2362396348682161,0.2362396348682161,0.972179567358914
2025-05-25 10:00:00,24.9,24.692934738317646,0.2070652616823523,0.2070652616823523,0.8315873963146678,24.8471996567833,0.05280034321669902,0.05280034321669902,0.2120495711514017,24.855067936459097,0.04493206354090162,0.04493206354090162,0.18045005438113104
2025-05-25 11:00:00,27.4,27.437185017352,-0.03718501735200164,0.03718501735200164,0.13571174216058993,27.323202832827207,0.07679716717279206,0.07679716717279206,0.2802816320174893,27.263939746188935,0.13606025381106335,0.13606025381106335,0.4965702693834429
2025-05-25 12:00:00,30.1,30.180852142624836,-0.08085214262483476,0.08085214262483476,0.2686117695177234,30.031119940787622,0.06888005921237905,0.06888005921237905,0.22883740602119285,29.86946151573349,0.23053848426651058,0.23053848426651058,0.7659085856030251
2025-05-25 13:00:00,31.0,30.866794301890835,0.13320569810916538,0.13320569810916538,0.42969580035214633,30.845679031201783,0.154320968798217,0.154320968798217,0.49780957676844195,30.697896544500427,0.30210345549957296,0.30210345549957296,0.9745272758050741
2025-05-25 14:00:00,30.9,30.8339619765776,0.06603802342239717,0.06603802342239717,0.21371528615662516,30.75615998503131,0.14384001496868848,0.14384001496868848,0.46550166656533487,30.654215494064886,0.24578450593511292,0.24578450593511292,0.7954191130586178
2025-05-25 15:00:00,31.6,31.61591701982595,-0.01591701982594884,0.01591701982594884,0.050370315904901396,31.65270086365516,-0.052700863655157804,0.052700863655157804,0.16677488498467657,31.48587598116975,0.1141240188302497,0.1141240188302497,0.361151958323575
2025-05-25 16:00:00,31.8,31.70247196177403,0.09752803822597045,0.09752803822597045,0.3066919441068253,31.857865073936637,-0.05786507393663598,0.05786507393663598,0.18196564131017604,31.601294635301944,0.198705364698057,0.198705364698057,0.6248596374152735
2025-05-25 17:00:00,32.5,32.275192444989244,0.22480755501075578,0.22480755501075578,0.6917155538792485,32.44818498836689,0.051815011633109975,0.051815011633109975,0.15943080502495377,32.28894212344257,0.21105787655743313,0.21105787655743313,0.6494088509459481
2025-05-25 18:00:00,33.5,32.96714883464607,0.5328511653539323,0.5328511653539323,1.5906004935938276,33.03387029348575,0.466129706514252,0.466129706514252,1.3914319597440359,32.79575759575795,0.7042424042420521,0.7042424042420521,2.102216132065827
2025-05-25 19:00:00,32.6,32.06244916875384,0.5375508312461648,0.5375508312461648,1.6489289302029593,32.39312107230683,0.20687892769316818,0.20687892769316818,0.6345979377091049,31.957401835282297,0.6425981647177039,0.6425981647177039,1.9711600144714843
2025-05-25 20:00:00,28.5,28.442986320651354,0.05701367934864621,0.05701367934864621,0.20004799771454806,28.388935858585857,0.11106414141414334,0.11106414141414334,0.3896987418040117,28.1513082715009,0.34869172849910157,0.34869172849910157,1.2234797491196545
2025-05-25 21:00:00,25.2,25.130122294224446,0.06987770577555352,0.06987770577555352,0.2772924832363235,25.143282502782675,0.05671749721732411,0.05671749721732411,0.2250694334020798,25.37039092920235,-0.17039092920235177,0.17039092920235177,0.6761544809617134
2025-05-25 22:00:00,25.1,25.09063967888136,0.009360321118641934,0.009360321118641934,0.037292116010525636,25.19416071604774,-0.0941607160477389,0.0941607160477389,0.37514229501091195,25.298582640642778,-0.1985826406427762,0.1985826406427762,0.791165898975204
2025-05-25 23:00:00,25.2,25.198824014848093,0.0011759851519066444,0.0011759851519066444,0.004666607745661288,25.21368280289962,-0.013682802899619873,0.013682802899619873,0.054296836903253466,25.365604766416492,-0.16560476641649302,0.16560476641649302,0.6571617714940199
2025-05-26 00:00:00,25.3,25.249262637738994,0.05073736226100678,0.05073736226100678,0.20054293383797145,25.33763966488204,-0.037639664882039625,0.037639664882039625,0.14877337898039378,25.490122320324023,-0.1901223203240221,0.1901223203240221,0.7514716218340795
2025-05-26 01:00:00,25.2,25.15434939611579,0.04565060388420861,0.04565060388420861,0.18115319001670083,25.202195753734475,-0.0021957537344761136,0.0021957537344761136,0.008713308470143307,25.340590824299703,-0.1405908242997036,0.1405908242997036,0.5579000964273952
2025-05-26 02:00:00,25.1,25.044720898533225,0.05527910146677684,0.05527910146677684,0.2202354640110631,25.107725959341447,-0.007725959341446043,0.007725959341446043,0.030780714507753153,25.181418373384744,-0.08141837338474289,0.08141837338474289,0.32437598958064895
2025-05-26 03:00:00,25.1,25.057384262050228,0.0426157379497738,0.0426157379497738,0.16978381653296334,25.111136525331304,-0.011136525331302494,0.011136525331302494,0.04436862681793822,25.101955062154726,-0.0019550621547246294,0.0019550621547246294,0.007789092249898921
2025-05-26 04:00:00,25.1,25.18189235303437,-0.08189235303436959,0.08189235303436959,0.32626435471860393,25.203009851564744,-0.1030098515647424,0.1030098515647424,0.4103978149989737,25.16174292352876,-0.0617429235287581,0.0617429235287581,0.24598774314246252
2025-05-26 05:00:00,24.9,24.89667771944708,0.0033222805529184996,0.0033222805529184996,0.01334249218039558,24.940354966423456,-0.04035496642345748,0.04035496642345748,0.1620681382468172,24.91485127115615,-0.014851271156150148,0.014851271156150148,0.059643659261647185
2025-05-26 06:00:00,24.7,24.612217669741373,0.08778233025862647,0.08778233025862647,0.3553940496300667,24.7219205883244,-0.021920588324402246,0.021920588324402246,0.0887473211514261,24.681880577032903,0.018119422967096455,0.018119422967096455,0.07335798772103828
2025-05-26 07:00:00,24.5,24.431692577594042,0.06830742240595811,0.06830742240595811,0.27880580573860453,24.519458484003138,-0.01945848400313821,0.01945848400313821,0.07942238368627841,24.56111763337171,-0.06111763337170828,0.06111763337170828,0.2494597280477889
2025-05-26 08:00:00,24.6,24.52749117765087,0.07250882234913192,0.07250882234913192,0.2947513103623249,24.59784909089092,0.0021509091090798904,0.0021509091090798904,0.00874353296373939,24.671078979011618,-0.07107897901161664,0.07107897901161664,0.28893893907161233
2025-05-26 09:00:00,24.4,24.43163364562472,-0.03163364562472282,0.03163364562472282,0.1296460886259132,24.519458484003138,-0.11945848400313963,0.11945848400313963,0.48958395083253947,24.653032618831688,-0.25303261883168915,0.25303261883168915,1.0370189296380703
2025-05-26 10:00:00,25.1,24.8555676144857,0.24443238551430113,0.24443238551430113,0.9738342052362594,25.084511535231982,0.015488464768019128,0.015488464768019128,0.06170703094828337,24.983056811894194,0.1169431881058074,0.1169431881058074,0.46590911595939194
2025-05-26 11:00:00,26.7,26.611687083011883,0.08831291698811583,0.08831291698811583,0.33075998871953494,26.81913077131201,-0.11913077131201177,0.11913077131201177,0.44618266408993174,26.528507062815663,0.17149293718433611,0.17149293718433611,0.642295644885154
2025-05-26 12:00:00,29.4,29.459306319504623,-0.05930631950462484,0.05930631950462484,0.20172217518579877,29.4357353657458,-0.03573536574580061,0.03573536574580061,0.12154886308095446,29.16952305020088,0.2304769497991188,0.2304769497991188,0.7839352033983633
2025-05-26 13:00:00,29.7,29.82704124937502,-0.12704124937502215,0.12704124937502215,0.42774831439401395,29.71907378465619,-0.019073784656189474,0.019073784656189474,0.06422149715888711,29.690139839831197,0.009860160168802423,0.009860160168802423,0.033199192487550246
2025-05-26 14:00:00,28.5,28.463724699000593,0.03627530099940657,0.03627530099940657,0.12728175789265464,28.38790974871462,0.1120902512853803,0.1120902512853803,0.39329912731712385,28.528652263411313,-0.028652263411313328,0.028652263411313328,0.10053425758355554
2025-05-26 15:00:00,28.0,28.192131053726552,-0.19213105372655193,0.19213105372655193,0.6861823347376854,27.940224579994247,0.05977542000575298,0.05977542000575298,0.21348364287768923,28.320262189910142,-0.3202621899101423,0.3202621899101423,1.1437935353933655
2025-05-26 16:00:00,28.6,28.92113208450638,-0.3211320845063774,0.3211320845063774,1.122839456316005,28.664109194971697,-0.06410919497169587,0.06410919497169587,0.22415802437655896,29.216537435239115,-0.6165374352391133,0.6165374352391133,2.1557252980388575
2025-05-26 17:00:00,29.9,29.86817762620173,0.03182237379826702,0.03182237379826702,0.10642934380691313,29.934169898911474,-0.03416989891147537,0.03416989891147537,0.11428059836613837,30.04574904519429,-0.1457490451942931,0.1457490451942931,0.48745500064980973
2025-05-26 18:00:00,30.9,30.7742169907319,0.1257830092680976,0.1257830092680976,0.40706475491293725,30.871070601719214,0.028929398280784113,0.028929398280784113,0.0936226481578774,30.802199491844796,0.09780050815520269,0.09780050815520269,0.3165064988841511
2025-05-26 19:00:00,30.4,30.365859206603602,0.03414079339639642,0.03414079339639642,0.11230524143551456,30.472919691240506,-0.07291969124050723,0.07291969124050723,0.23986740539640536,30.438276049239125,-0.03827604923912631,0.03827604923912631,0.12590805670765234
2025-05-26 20:00:00,29.8,29.746222691988134,0.053777308011866864,0.053777308011866864,0.18046076514049283,29.85967392411511,-0.059673924115109855,0.059673924115109855,0.20024806750036864,29.659144133105386,0.14085586689461493,0.14085586689461493,0.4726706942772313
2025-05-26 21:00:00,26.6,26.573697951900648,0.026302048099353215,0.026302048099353215,0.09887988007275644,26.569298934161843,0.03070106583815857,0.03070106583815857,0.11541754074495703,26.587693931134456,0.012306068865544972,0.012306068865544972,0.04626341678776305
2025-05-26 22:00:00,25.1,25.048839808089124,0.05116019191087773,0.05116019191087773,0.20382546578038935,25.199903251139617,-0.09990325113961518,0.09990325113961518,0.3980209208749609,25.329987531469833,-0.2299875314698312,0.2299875314698312,0.9162849859355824
2025-05-26 23:00:00,25.0,24.972439489177077,0.02756051082292288,0.02756051082292288,0.11024204329169152,24.970661816317385,0.029338183682614982,0.029338183682614982,0.11735273473045993,25.272141238362032,-0.27214123836203186,0.27214123836203186,1.0885649534481274
2025-05-27 00:00:00,25.4,25.447260227552363,-0.04726022755236414,0.04726022755236414,0.18606388800143364,25.419493424816,-0.019493424816001692,0.019493424816001692,0.07674576699213265,25.564456144088364,-0.16445614408836562,0.16445614408836562,0.6474651342061639
2025-05-27 01:00:00,25.2,25.167741289610035,0.03225871038996431,0.03225871038996431,0.12801075551573138,25.216956777504443,-0.016956777504443465,0.016956777504443465,0.06728879962080742,25.271427377919416,-0.07142737791941656,0.07142737791941656,0.28344197587070064
2025-05-27 02:00:00,24.8,24.782225059070765,0.01777494092923604,0.01777494092923604,0.07167314890820982,24.75153525540111,0.04846474459889194,0.04846474459889194,0.19542235725359655,24.892403464456663,-0.09240346445666248,0.09240346445666248,0.37259461474460676
2025-05-27 03:00:00,24.6,24.49316103808075,0.10683896191925157,0.10683896191925157,0.43430472324899017,24.505887283944887,0.09411271605511473,0.09411271605511473,0.38257201648420625,24.603218477004333,-0.0032184770043315325,0.0032184770043315325,0.013083239855006227
2025-05-27 04:00:00,24.3,24.31328738771981,-0.013287387719810084,0.013287387719810084,0.05468060790045302,24.294930063588968,0.005069936411032927,0.005069936411032927,0.020863935847872127,24.42075670900035,-0.12075670900035007,0.12075670900035007,0.4969411893018521
2025-05-27 05:00:00,24.0,23.841534060394928,0.1584659396050725,0.1584659396050725,0.6602747483544686,23.933740036146204,0.06625996385379551,0.06625996385379551,0.276083182724148,24.02539935647667,-0.0253993564766688,0.0253993564766688,0.10583065198612
2025-05-27 06:00:00,24.1,24.04486080868695,0.055139191313053004,0.055139191313053004,0.22879332495042737,24.139485977804867,-0.03948597780486551,0.03948597780486551,0.16384223155545855,24.165735512329686,-0.06573551232968455,0.06573551232968455,0.27276146194889855
2025-05-27 07:00:00,23.9,23.76367774302321,0.1363222569767899,0.1363222569767899,0.5703860124551879,23.851598953254452,0.04840104674554624,0.04840104674554624,0.20251483993952404,23.96601244093278,-0.06601244093278069,0.06601244093278069,0.2762026817271159
2025-05-27 08:00:00,23.9,23.764566071971924,0.13543392802807475,0.13543392802807475,0.566669154929183,23.842515310508315,0.05748468949168384,0.05748468949168384,0.2405217133543257,23.996673445825554,-0.09667344582555515,0.09667344582555515,0.4044914051278458
2025-05-27 09:00:00,23.8,23.97181507836403,-0.17181507836403043,0.17181507836403043,0.7219120939665145,23.869415029792318,-0.06941502979231728,0.06941502979231728,0.29165978904334994,24.22398930305625,-0.42398930305624916,0.42398930305624916,1.7814676599002064
2025-05-27 10:00:00,24.6,24.496624154116315,0.10337584588368642,0.10337584588368642,0.42022701578734317,24.580359695594492,0.019640304405509568,0.019640304405509568,0.07983863579475434,24.624259755839645,-0.024259755839644015,0.024259755839644015,0.09861689365708948
2025-05-27 11:00:00,26.9,26.959449595551128,-0.059449595551129164,0.059449595551129164,0.2210022139447181,26.89728288392619,0.002717116073807091,0.002717116073807091,0.0101008032483535,26.815048127658393,0.0849518723416054,0.0849518723416054,0.3158062168832914
2025-05-27 12:00:00,28.6,28.89108243148739,-0.2910824314873892,0.2910824314873892,1.017770739466396,28.595539357864347,0.00446064213565478,0.00446064213565478,0.015596650823967762,28.750637154137657,-0.15063715413765522,0.15063715413765522,0.5267033361456476
2025-05-27 13:00:00,30.0,30.173176885327756,-0.17317688532775577,0.17317688532775577,0.5772562844258525,30.104320950928244,-0.10432095092824412,0.10432095092824412,0.34773650309414705,30.041303241478943,-0.04130324147894271,0.04130324147894271,0.1376774715964757
2025-05-27 14:00:00,32.0,31.804263235932087,0.19573676406791307,0.19573676406791307,0.6116773877122283,31.984816481806803,0.015183518193197187,0.015183518193197187,0.04744849435374121,31.75822792044348,0.2417720795565188,0.2417720795565188,0.7555377486141213
2025-05-27 15:00:00,31.1,31.032754662952108,0.06724533704789337,0.06724533704789337,0.2162229487070526,30.92739616835682,0.17260383164317972,0.17260383164317972,0.5549962432256582,31.000186885964307,0.09981311403569393,0.09981311403569393,0.32094248886075216
2025-05-27 16:00:00,32.7,32.22045784336983,0.4795421566301741,0.4795421566301741,1.4664897756274435,32.80496959706249,-0.10496959706248532,0.10496959706248532,0.32100794208711103,32.29954413862738,0.40045586137262035,0.40045586137262035,1.2246356616899703
2025-05-27 17:00:00,32.6,32.11463705691471,0.48536294308529193,0.48536294308529193,1.4888433836972144,32.49005161503495,0.1099483849650511,0.1099483849650511,0.33726498455537146,32.300255857882306,0.29974414211769584,0.29974414211769584,0.9194605586432387
2025-05-27 18:00:00,32.1,31.693893789623978,0.40610621037602357,0.40610621037602357,1.2651283812337182,32.37072851629865,-0.2707285162986466,0.2707285162986466,0.8433910165066871,31.87773080418298,0.2222691958170202,0.2222691958170202,0.6924274012991284
2025-05-27 19:00:00,32.2,31.58418867561983,0.6158113243801715,0.6158113243801715,1.9124575291309671,32.68043644087685,-0.48043644087685067,0.48043644087685067,1.4920386362635112,31.71277076883484,0.4872292311651627,0.4872292311651627,1.5131342582769027
2025-05-27 20:00:00,31.4,30.99383922858939,0.40616077141060813,0.40616077141060813,1.2935056414350579,31.368235363338595,0.0317646366614035,0.0317646366614035,0.1011612632528774,31.024181660372484,0.3758183396275143,0.3758183396275143,1.1968736930812558
2025-05-27 21:00:00,30.0,29.74949316067009,0.25050683932990836,0.25050683932990836,0.8350227977663611,29.832948996265173,0.1670510037348265,0.1670510037348265,0.5568366791160884,29.659005516399056,0.3409944836009444,0.3409944836009444,1.1366482786698147
2025-05-27 22:00:00,28.7,28.779709554334566,-0.07970955433456695,0.07970955433456695,0.2777336387964005,28.532992393023623,0.16700760697637662,0.16700760697637662,0.5819080382452148,28.59225234268516,0.10774765731483882,0.10774765731483882,0.3754273774036196
2025-05-27 23:00:00,26.3,26.33111520487568,-0.03111520487567887,0.03111520487567887,0.11830876378585121,26.334922246709706,-0.03492224670970501,0.03492224670970501,0.13278420802169205,26.343859519862963,-0.04385951986296277,0.04385951986296277,0.16676623522039077
2025-05-28 00:00:00,25.5,25.552069356546774,-0.052069356546773804,0.052069356546773804,0.20419355508538745,25.575584329559334,-0.0755843295593337,0.0755843295593337,0.2964091355267988,25.6873453311011,-0.18734533110109908,0.18734533110109908,0.7346875729454866
2025-05-28 01:00:00,25.7,25.7559681182242,-0.055968118224200225,0.055968118224200225,0.21777477908249115,25.770870025983108,-0.07087002598310832,0.07087002598310832,0.275758855965402,25.81768735702959,-0.11768735702959177,0.11768735702959177,0.457927459259112
2025-05-28 02:00:00,25.6,25.58886188942349,0.011138110576510485,0.011138110576510485,0.04350824443949408,25.478851435333464,0.12114856466653734,0.12114856466653734,0.4732365807286615,25.638232363339146,-0.03823236333914437,0.03823236333914437,0.1493451692935327
2025-05-28 03:00:00,25.2,25.19434036223468,0.005659637765319303,0.005659637765319303,0.022458880021108348,25.222409255379016,-0.022409255379017168,0.022409255379017168,0.08892561658340147,25.26839523164897,-0.06839523164897088,0.06839523164897088,0.2714096494006781
2025-05-28 04:00:00,25.1,25.179096622431352,-0.07909662243135074,0.07909662243135074,0.3151259857822738,25.196610035705717,-0.0966100357057158,0.0966100357057158,0.3849005406602223,25.20353188888248,-0.103531888882479,0.103531888882479,0.4124776449501155
2025-05-28 05:00:00,25.1,25.19342517364202,-0.09342517364201797,0.09342517364201797,0.3722118471793544,25.16986093159552,-0.06986093159551743,0.06986093159551743,0.2783304047630176,25.19448941058909,-0.09448941058908744,0.09448941058908744,0.3764518350162846
2025-05-28 06:00:00,24.9,24.9130655338147,-0.013065533814700103,0.013065533814700103,0.052472023352209254,24.884134777395815,0.01586522260418377,0.01586522260418377,0.06371575343045692,24.95190668339704,-0.05190668339704274,0.05190668339704274,0.20846057589173791
2025-05-28 07:00:00,24.9,25.01524568602762,-0.11524568602762031,0.11524568602762031,0.4628340804322101,24.986665803937694,-0.08666580393769507,0.08666580393769507,0.34805543750078344,25.06947668555991,-0.16947668555991058,0.16947668555991058,0.6806292592767493
2025-05-28 08:00:00,24.6,24.66225329147942,-0.06225329147941849,0.06225329147941849,0.25306216048544106,24.646905504043378,-0.04690550404337657,0.04690550404337657,0.19067278066413237,24.809023962394754,-0.20902396239475252,0.20902396239475252,0.8496909040437093
2025-05-28 09:00:00,24.5,24.439141955005567,0.0608580449944327,0.0608580449944327,0.2484001836507457,24.428243648032943,0.07175635196705699,0.07175635196705699,0.2928830692532938,24.684723210643213,-0.18472321064321306,0.18472321064321306,0.7539722883396451
2025-05-28 10:00:00,25.0,24.889637149934966,0.11036285006503377,0.11036285006503377,0.4414514002601351,24.982665478739726,0.017334521260274016,0.017334521260274016,0.06933808504109606,25.068452091442115,-0.06845209144211495,0.06845209144211495,0.2738083657684598
2025-05-28 11:00:00,26.9,26.922676590078016,-0.022676590078017256,0.022676590078017256,0.08429959136809388,26.879637940200322,0.020362059799676757,0.020362059799676757,0.07569538958987643,26.9331666932611,-0.03316669326110144,0.03316669326110144,0.12329625747621355
2025-05-28 12:00:00,28.6,28.782898347441446,-0.1828983474414443,0.1828983474414443,0.6395047113337213,28.501606619769117,0.09839338023088473,0.09839338023088473,0.34403279801008646,28.785677099959653,-0.18567709995965131,0.18567709995965131,0.6492206292295499
2025-05-28 13:00:00,30.0,30.061823703125555,-0.06182370312555463,0.06182370312555463,0.20607901041851542,30.002775986904407,-0.0027759869044068353,0.0027759869044068353,0.009253289681356117,30.0648247012748,-0.06482470127480155,0.06482470127480155,0.21608233758267184
2025-05-28 14:00:00,31.2,31.33042439341755,-0.1304243934175524,0.1304243934175524,0.4180269019793346,31.421062029623545,-0.22106202962354615,0.22106202962354615,0.7085321462293146,31.41558094420254,-0.21558094420253937,0.21558094420253937,0.6909645647517287
2025-05-28 15:00:00,32.0,32.01588551500306,-0.015885515003063233,0.015885515003063233,0.0496422343845726,32.121928143919206,-0.12192814391920592,0.12192814391920592,0.3810254497475185,32.19812244542321,-0.19812244542320911,0.19812244542320911,0.6191326419475285
2025-05-28 16:00:00,32.3,31.951011220913003,0.3489887790869943,0.3489887790869943,1.0804606163684036,32.27743448131247,0.022565518687528652,0.022565518687528652,0.06986228695829305,32.264897180802244,0.03510281919775338,0.03510281919775338,0.10867745881657394
2025-05-28 17:00:00,33.1,32.51755302033975,0.5824469796602543,0.5824469796602543,1.7596585488225205,32.98389872066669,0.11610127933331427,0.11610127933331427,0.35075915206439356,32.79498238273483,0.30501761726517174,0.30501761726517174,0.9215033754234795
2025-05-28 18:00:00,32.9,32.025860846452865,0.8741391535471337,0.8741391535471337,2.656957913517124,32.70042803460631,0.19957196539368738,0.19957196539368738,0.6066017185218462,32.40773829895488,0.49226170104511624,0.49226170104511624,1.4962361733894112
2025-05-28 19:00:00,32.7,31.9838094540449,0.7161905459551043,0.7161905459551043,2.190185155826007,32.967881003113774,-0.2678810031137715,0.2678810031137715,0.8192079605925733,32.163955925091585,0.5360440749084177,0.5360440749084177,1.6392785165395034
2025-05-28 20:00:00,32.0,31.331472786899063,0.668527213100937,0.668527213100937,2.089147540940428,32.13922245115995,-0.13922245115995224,0.13922245115995224,0.43507015987485076,31.433196776432563,0.5668032235674367,0.5668032235674367,1.7712600736482398
2025-05-28 21:00:00,30.5,30.06895930571127,0.43104069428872904,0.43104069428872904,1.413248177995833,30.014101678876678,0.4858983211233223,0.4858983211233223,1.5931092495846633,30.031755077981327,0.4682449220186733,0.4682449220186733,1.5352292525202402
2025-05-28 22:00:00,28.6,28.686225398597376,-0.08622539859737444,0.08622539859737444,0.3014874076831274,28.42731305860805,0.17268694139195162,0.17268694139195162,0.6038004943774532,28.556697552086106,0.04330244791389504,0.04330244791389504,0.15140716053809453
2025-05-28 23:00:00,27.8,27.946919852866845,-0.14691985286684428,0.14691985286684428,0.5284886793771376,27.778390047581407,0.021609952418593537,0.021609952418593537,0.07773364179350192,27.856249702780126,-0.05624970278012498,0.05624970278012498,0.2023370603601618
2025-05-29 00:00:00,28.9,28.81221277042783,0.087787229572168,0.087787229572168,0.30376204004210383,28.8242393967144,0.0757606032855982,0.0757606032855982,0.2621474162131425,28.31557675600618,0.5844232439938182,0.5844232439938182,2.022225757764077
2025-05-29 01:00:00,28.2,28.235935307373133,-0.03593530737313344,0.03593530737313344,0.1274301679898349,28.170991618920297,0.02900838107970216,0.02900838107970216,0.10286659957341193,27.870746452619947,0.32925354738005197,0.32925354738005197,1.1675657708512481
2025-05-29 02:00:00,27.5,27.548917997653593,-0.04891799765359295,0.04891799765359295,0.1778836278312471,27.4729765297398,0.027023470260200355,0.027023470260200355,0.09826716458254674,27.250008106634947,0.24999189336505268,0.24999189336505268,0.9090614304183734
2025-05-29 03:00:00,27.1,27.128324893754883,-0.02832489375488123,0.02832489375488123,0.10451990315454328,27.121283991034325,-0.021283991034323435,0.021283991034323435,0.07853871230377651,26.835155387782528,0.26484461221747324,0.26484461221747324,0.9772863919463957
2025-05-29 04:00:00,26.5,26.4387915096437,0.06120849035630016,0.06120849035630016,0.23097543530679307,26.4083439084176,0.09165609158240073,0.09165609158240073,0.34587204370717256,26.24193631316633,0.258063686833669,0.258063686833669,0.9738252333345999
2025-05-29 05:00:00,26.2,26.35893962423983,-0.15893962423983155,0.15893962423983155,0.6066397871749295,26.371643377287324,-0.17164337728732448,0.17164337728732448,0.6551273942264293,26.17363115404196,0.026368845958039344,0.026368845958039344,0.10064445022152423
2025-05-29 06:00:00,25.9,25.862932398702387,0.03706760129761122,0.03706760129761122,0.14311815172822867,25.834218535549436,0.06578146445056277,0.06578146445056277,0.2539824882261111,25.78166487183997,0.11833512816003022,0.11833512816003022,0.4568923867182635
2025-05-29 07:00:00,25.5,25.582515856983875,-0.08251585698387487,0.08251585698387487,0.32359159601519555,25.572610520035525,-0.07261052003552493,0.07261052003552493,0.2847471373942154,25.585139991687882,-0.08513999168788189,0.08513999168788189,0.3338823203446349
2025-05-29 08:00:00,25.4,25.366131006805958,0.0338689931940408,0.0338689931940408,0.13334249288992442,25.364210110199547,0.03578988980045139,0.03578988980045139,0.14090507795453305,25.45607129358595,-0.05607129358595131,0.05607129358595131,0.22075312435413902
2025-05-29 09:00:00,25.3,25.381960477480902,-0.08196047748090152,0.08196047748090152,0.32395445644625104,25.36412330464399,-0.06412330464398863,0.06412330464398863,0.25345179701181275,25.529872732086982,-0.22987273208698156,0.22987273208698156,0.9085878738615872
2025-05-29 10:00:00,25.4,25.250508689895568,0.1494913101044304,0.1494913101044304,0.5885484649780724,25.36300490637559,0.03699509362440878,0.03699509362440878,0.14564997489924716,25.436901716173715,-0.03690171617371618,0.03690171617371618,0.1452823471406149
2025-05-29 11:00:00,27.0,26.975137283048163,0.02486271695183717,0.02486271695183717,0.0920841368586562,26.920380474442272,0.07961952555772811,0.07961952555772811,0.2948871316952893,26.955180082165125,0.044819917834875156,0.044819917834875156,0.16599969568472278
2025-05-29 12:00:00,30.7,30.628178650535126,0.07182134946487295,0.07182134946487295,0.23394576372922785,30.72074107480192,-0.02074107480192211,0.02074107480192211,0.06756050424078863,30.43341669722429,0.26658330277571096,0.26658330277571096,0.8683495204420553
2025-05-29 13:00:00,30.7,30.528600045415804,0.17139995458419577,0.17139995458419577,0.5583060409908658,30.560299605949616,0.13970039405038293,0.13970039405038293,0.45505014348658934,30.60935393829373,0.09064606170626988,0.09064606170626988,0.2952640446458302
2025-05-29 14:00:00,31.8,31.73824730135956,0.061752698640439974,0.061752698640439974,0.19419087622779865,31.862382764122813,-0.06238276412281252,0.06238276412281252,0.19617221422268089,31.816301481878497,-0.01630148187849656,0.01630148187849656,0.05126252163049232
2025-05-29 15:00:00,32.2,31.981279311946388,0.21872068805361522,0.21872068805361522,0.6792567951975627,32.232125774394376,-0.03212577439437325,0.03212577439437325,0.09976948569681134,32.24582784640007,-0.04582784640006565,0.04582784640006565,0.14232250434802995
2025-05-29 16:00:00,32.8,32.436581561222766,0.3634184387772308,0.3634184387772308,1.107983045052533,32.91033355298442,-0.1103335529844216,0.1103335529844216,0.3363827834890903,32.691296503237325,0.1087034967626721,0.1087034967626721,0.3314130998861955
2025-05-29 17:00:00,33.5,33.01653939107505,0.48346060892495046,0.48346060892495046,1.443165996790897,33.26928410636767,0.23071589363232903,0.23071589363232903,0.6887041600965046,33.19240393707443,0.30759606292556896,0.30759606292556896,0.9181972027628924
2025-05-29 18:00:00,32.4,31.9191189939832,0.48088100601679784,0.48088100601679784,1.4842006358543145,32.479908207778614,-0.07990820777861529,0.07990820777861529,0.24663027092165216,32.165610873488106,0.2343891265118927,0.2343891265118927,0.7234232299749774
2025-05-29 19:00:00,30.9,30.811124307859533,0.08887569214046565,0.08887569214046565,0.287623599160083,31.020283273793183,-0.12028327379318426,0.12028327379318426,0.3892662582303698,30.977584604243944,-0.07758460424394542,0.07758460424394542,0.25108286163089133
2025-05-29 20:00:00,29.7,29.580095917313205,0.11990408268679431,0.11990408268679431,0.40371745012388655,29.58624410634299,0.11375589365701089,0.11375589365701089,0.38301647695963265,29.553656825727746,0.1463431742722534,0.1463431742722534,0.4927379605126378
2025-05-29 21:00:00,28.9,28.91874335734243,-0.018743357342430045,0.018743357342430045,0.06485590775927351,28.937563486431888,-0.037563486431889004,0.037563486431889004,0.12997746170203808,28.871389526285686,0.02861047371431269,0.02861047371431269,0.09899817894225844
2025-05-29 22:00:00,24.6,24.501302625495246,0.09869737450475569,0.09869737450475569,0.4012088394502264,24.618245206182706,-0.018245206182704976,0.018245206182704976,0.0741675048077438,24.955727368116374,-0.35572736811637284,0.35572736811637284,1.4460462118551742
2025-05-29 23:00:00,24.0,24.131957677248025,-0.13195767724802465,0.13195767724802465,0.5498236552001028,24.14821433329097,-0.14821433329096934,0.14821433329096934,0.6175597220457056,24.71269961167361,-0.7126996116736102,0.7126996116736102,2.969581715306709
2025-05-30 00:00:00,24.5,24.442540281092153,0.057459718907846735,0.057459718907846735,0.2345294649299867,24.505509670935613,-0.0055096709356128315,0.0055096709356128315,0.02248845279841972,24.94140959034388,-0.4414095903438806,0.4414095903438806,1.8016717973219618
2025-05-30 01:00:00,24.2,24.194860289813874,0.005139710186124802,0.005139710186124802,0.021238471843490918,24.20881490662995,-0.00881490662995077,0.00881490662995077,0.03642523400806103,24.645845619263433,-0.4458456192634337,0.4458456192634337,1.8423372696836102
2025-05-30 02:00:00,24.4,24.483364503717524,-0.0833645037175259,0.0833645037175259,0.3416578021210078,24.510166662193146,-0.11016666219314786,0.11016666219314786,0.4515027139063437,24.791972113667434,-0.39197211366743545,0.39197211366743545,1.6064430888009649
2025-05-30 03:00:00,24.4,24.488868313475887,-0.08886831347588853,0.08886831347588853,0.3642143994913465,24.515354705040345,-0.11535470504034606,0.11535470504034606,0.4727651845915823,24.702964287883297,-0.30296428788329877,0.30296428788329877,1.2416569175545031
2025-05-30 04:00:00,24.4,24.296712178389168,0.10328782161083083,0.10328782161083083,0.42331074430668375,24.38224812451894,0.017751875481057056,0.017751875481057056,0.07275358803711908,24.492315833265625,-0.09231583326562642,0.09231583326562642,0.3783435789574854
2025-05-30 05:00:00,24.4,24.422918378205985,-0.0229183782059863,0.0229183782059863,0.09392777953273075,24.442705833884908,-0.04270583388490934,0.04270583388490934,0.17502390936438256,24.553946287114407,-0.15394628711440816,0.15394628711440816,0.6309274062065909
2025-05-30 06:00:00,24.6,24.524111371391363,0.07588862860863799,0.07588862860863799,0.30849036019771536,24.512415758181845,0.08758424181815627,0.08758424181815627,0.3560335033258385,24.61885752236104,-0.018857522361038548,0.018857522361038548,0.07665659496357133
2025-05-30 07:00:00,24.2,24.36332463793754,-0.16332463793754215,0.16332463793754215,0.6748951980890172,24.300003960065872,-0.10000396006587309,0.10000396006587309,0.41323950440443424,24.51341499541777,-0.3134149954177694,0.3134149954177694,1.2951032868502868
2025-05-30 08:00:00,24.3,24.347969409247668,-0.047969409247667016,0.047969409247667016,0.19740497632784781,24.292361205738022,0.007638794261978887,0.007638794261978887,0.03143536733324645,24.523341755260006,-0.22334175526000521,0.22334175526000521,0.9191018734979638
2025-05-30 09:00:00,24.0,24.155518592586336,-0.15551859258633627,0.15551859258633627,0.6479941357764012,24.095973371555953,-0.09597337155595298,0.09597337155595298,0.3998890481498041,24.42950635664989,-0.42950635664988823,0.42950635664988823,1.7896098193745342
2025-05-30 10:00:00,24.3,24.30627196500016,-0.006271965000159696,0.006271965000159696,0.02581055555621274,24.455761389912933,-0.1557613899129322,0.1557613899129322,0.640993374127293,24.543558031195488,-0.24355803119548725,0.24355803119548725,1.002296424672787
2025-05-30 11:00:00,26.5,26.635031663953015,-0.1350316639530149,0.1350316639530149,0.5095534488793015,26.535211665402876,-0.035211665402876235,0.035211665402876235,0.1328742090674575,26.526157977232188,-0.026157977232188045,0.026157977232188045,0.09870934804599263
2025-05-30 12:00:00,29.6,29.721699691088535,-0.12169969108853351,0.12169969108853351,0.41114760502882947,29.60262975178416,-0.00262975178415914,0.00262975178415914,0.008884296568105202,29.476278158041215,0.12372184195878688,0.12372184195878688,0.41797919580671244
2025-05-30 13:00:00,30.6,30.639762626595665,-0.039762626595663875,0.039762626595663875,0.1299432241688362,30.53113107548086,0.0688689245191405,0.0688689245191405,0.22506184483379246,30.428086547057987,0.17191345294201454,0.17191345294201454,0.5618086697451455
2025-05-30 14:00:00,32.4,32.1442652226668,0.2557347773331955,0.2557347773331955,0.7893048683123318,32.291435318457026,0.10856468154297261,0.10856468154297261,0.33507617760176733,31.971820748953725,0.42817925104627363,0.42817925104627363,1.321540898290968
2025-05-30 15:00:00,32.9,32.85936596556861,0.0406340344313918,0.0406340344313918,0.12350770343888084,32.626061546092785,0.2739384539072134,0.2739384539072134,0.832639677529524,32.516462168523944,0.3835378314760547,0.3835378314760547,1.1657684847296494
2025-05-30 16:00:00,32.1,31.734509278816073,0.365490721183928,0.365490721183928,1.1386003775200249,32.01007303696525,0.08992696303474901,0.08992696303474901,0.2801463022889377,31.8328514460343,0.2671485539657006,0.2671485539657006,0.8322384858744566
2025-05-30 17:00:00,32.4,31.65868188253053,0.7413181174694685,0.7413181174694685,2.2880188810786066,32.343834694869095,0.056165305130903675,0.056165305130903675,0.17334970719414716,31.967973505200597,0.4320264947994019,0.4320264947994019,1.3334151074055616
2025-05-30 18:00:00,32.2,32.1036475443755,0.09635245562450478,0.09635245562450478,0.2992312286475304,32.13467248446,0.06532751554000527,0.06532751554000527,0.2028804830434946,31.79502373696065,0.40497626303935164,0.40497626303935164,1.2576902578861853
2025-05-30 19:00:00,29.3,29.34417946275022,-0.044179462750218335,0.044179462750218335,0.15078314931815132,29.239057011044522,0.06094298895547823,0.06094298895547823,0.20799654933610318,29.347825336399126,-0.04782533639912501,0.04782533639912501,0.1632264040925768
2025-05-30 20:00:00,29.0,29.009094452331,-0.009094452330998593,0.009094452330998593,0.03136018045171928,28.75358465007215,0.24641534992785097,0.24641534992785097,0.8497081031994862,29.10359662246956,-0.10359662246955992,0.10359662246955992,0.3572297326536549
2025-05-30 21:00:00,28.1,28.139616828175836,-0.03961682817583423,0.03961682817583423,0.14098515365065561,28.033544538794544,0.06645546120545731,0.06645546120545731,0.236496303222268,28.06164089711774,0.03835910288226074,0.03835910288226074,0.1365092629261948
2025-05-30 22:00:00,26.9,27.03158421549036,-0.13158421549035992,0.13158421549035992,0.4891606523805202,27.163523214285732,-0.26352321428573333,0.26352321428573333,0.9796402018057001,27.1820613866391,-0.28206138663909996,0.28206138663909996,1.0485553406657993
2025-05-30 23:00:00,26.4,26.687994196791657,-0.28799419679165794,0.28799419679165794,1.0908871090593104,26.506632738095245,-0.10663273809524654,0.10663273809524654,0.40391188672441874,26.781601987863908,-0.38160198786390964,0.38160198786390964,1.445462075242082
2025-05-31 00:00:00,25.5,25.709980828876276,-0.2099808288762759,0.2099808288762759,0.8234542308873565,25.702297483766223,-0.20229748376622325,0.20229748376622325,0.793323465749895,25.887954304663786,-0.38795430466378633,0.38795430466378633,1.521389430054064
2025-05-31 01:00:00,25.3,25.5411724483122,-0.24117244831219864,0.24117244831219864,0.9532507838426824,25.313516533466537,-0.013516533466535918,0.013516533466535918,0.053425033464568845,25.684332560213576,-0.38433256021357565,0.38433256021357565,1.5191010285121567
2025-05-31 02:00:00,25.0,25.114337018682157,-0.11433701868215707,0.11433701868215707,0.45734807472862826,25.060818532388577,-0.06081853238857704,0.06081853238857704,0.24327412955430816,25.257262234391902,-0.2572622343919022,0.2572622343919022,1.0290489375676088
2025-05-31 03:00:00,25.6,25.768902077176183,-0.1689020771761811,0.1689020771761811,0.6597737389694575,25.671713278024367,-0.07171327802436522,0.07171327802436522,0.28012999228267665,25.662560333235838,-0.06256033323583665,0.06256033323583665,0.24437630170248692
2025-05-31 04:00:00,25.3,25.18664682539923,0.11335317460077121,0.11335317460077121,0.44803626324415496,25.19366302525244,0.10633697474755976,0.10633697474755976,0.4203042480140702,25.169620561354606,0.13037943864539514,0.13037943864539514,0.5153337495865421
2025-05-31 05:00:00,25.2,25.205663031919034,-0.005663031919034722,0.005663031919034722,0.022472348885058422,25.170584603756673,0.02941539624332634,0.02941539624332634,0.11672776287034263,25.186214074759295,0.013785925240703989,0.013785925240703989,0.054706052542476145
2025-05-31 06:00:00,24.6,24.508599534941695,0.09140046505830668,0.09140046505830668,0.3715466059280759,24.4959737636927,0.1040262363073019,0.1040262363073019,0.4228708792979752,24.63859198519708,-0.03859198519707974,0.03859198519707974,0.15687798860601518
2025-05-31 07:00:00,24.4,24.46721557729277,-0.06721557729277094,0.06721557729277094,0.27547367742938916,24.415614717414893,-0.015614717414894841,0.015614717414894841,0.06399474350366739,24.621925028329315,-0.22192502832931638,0.22192502832931638,0.9095288046283458
2025-05-31 08:00:00,24.4,24.468838265947713,-0.06883826594771492,0.06883826594771492,0.2821240407693234,24.434342367185995,-0.034342367185995926,0.034342367185995926,0.14074740649998332,24.632776607047617,-0.2327766070476187,0.2327766070476187,0.9540024879000767
2025-05-31 09:00:00,24.1,24.16373268091709,-0.06373268091708795,0.06373268091708795,0.2644509581621906,24.097341740788337,0.0026582592116639603,0.0026582592116639603,0.011030121210223901,24.449756569195547,-0.3497565691955451,0.3497565691955451,1.4512720713508094
2025-05-31 10:00:00,24.4,24.19387636928997,0.20612363071002804,0.20612363071002804,0.844768978319787,24.29002644733549,0.10997355266450981,0.10997355266450981,0.45071128141192546,24.50341366866028,-0.10341366866028068,0.10341366866028068,0.42382651090278967
2025-05-31 11:00:00,25.6,25.684204307955845,-0.08420430795584366,0.08420430795584366,0.3289230779525143,25.689595764344816,-0.0895957643448142,0.0895957643448142,0.34998345447193047,25.764532123771854,-0.16453212377185267,0.16453212377185267,0.6427036084837995
2025-05-31 12:00:00,28.5,28.551602900903184,-0.05160290090318398,0.05160290090318398,0.18106281018661047,28.501166990444197,-0.0011669904441973245,0.0011669904441973245,0.004094703312973068,28.478380854872995,0.021619145127004913,0.021619145127004913,0.0758566495684383
2025-05-31 13:00:00,30.8,30.768307349808943,0.031692650191057936,0.031692650191057936,0.10289821490603226,30.83994377153373,-0.03994377153372852,0.03994377153372852,0.12968756991470298,30.723653194384717,0.07634680561528384,0.07634680561528384,0.2478792390106618
2025-05-31 14:00:00,31.9,31.635116249774946,0.26488375022505295,0.26488375022505295,0.8303565837775955,31.877029672855098,0.022970327144900438,0.022970327144900438,0.07200729512507974,31.597216121123065,0.3027838788769337,0.3027838788769337,0.9491657645044943
2025-05-31 15:00:00,32.3,32.098945705520876,0.20105429447912115,0.20105429447912115,0.6224591160344308,32.31073453965228,-0.010734539652283104,0.010734539652283104,0.03323386889251735,32.01701983040755,0.28298016959244876,0.28298016959244876,0.8760995962614513
2025-05-31 16:00:00,32.3,31.866860933961348,0.43313906603864893,0.43313906603864893,1.3409878205530927,32.172280626486724,0.12771937351327267,0.12771937351327267,0.3954160170689557,31.95063307152202,0.349366928477977,0.349366928477977,1.0816313575169567
2025-05-31 17:00:00,33.2,32.46249787209808,0.7375021279019194,0.7375021279019194,2.221391951511805,32.9279235053727,0.2720764946272993,0.2720764946272993,0.8195075139376485,32.527921447314085,0.6720785526859174,0.6720785526859174,2.0243329900178235
2025-05-31 18:00:00,32.3,31.518288932376457,0.7817110676235401,0.7817110676235401,2.420158104097648,32.437174179670485,-0.13717417967048817,0.13717417967048817,0.4246878627569293,31.686901564805844,0.6130984351941535,0.6130984351941535,1.8981375702605374
2025-05-31 19:00:00,32.8,31.955381456476797,0.8446185435232003,0.8446185435232003,2.5750565351317087,32.65962002912547,0.1403799708745268,0.1403799708745268,0.42798771608087444,32.06399580746739,0.7360041925326044,0.7360041925326044,2.243915221135989
2025-05-31 20:00:00,31.3,30.75182300159303,0.5481769984069693,0.5481769984069693,1.7513642121628412,31.892138872238874,-0.5921388722388734,0.5921388722388734,1.8918174831912888,30.84711374998868,0.4528862500113213,0.4528862500113213,1.4469209265537422
2025-05-31 21:00:00,29.8,29.574351734697057,0.22564826530294368,0.22564826530294368,0.7572089439696097,29.73491254105373,0.06508745894626955,0.06508745894626955,0.21841429176600521,29.43171804324811,0.3682819567518898,0.3682819567518898,1.235845492456006
2025-05-31 22:00:00,27.7,27.77167176728456,-0.0716717672845597,0.0716717672845597,0.258742842182526,27.610852065434575,0.08914793456542469,0.08914793456542469,0.3218336987921469,27.74804652920059,-0.04804652920059027,0.04804652920059027,0.17345317400935117
2025-05-31 23:00:00,26.7,26.936649001533333,-0.23664900153333335,0.23664900153333335,0.8863258484394507,27.21041872294373,-0.5104187229437294,0.5104187229437294,1.9116806102761401,27.137862325903097,-0.43786232590309737,0.43786232590309737,1.6399338048805148
2025-06-01 00:00:00,26.8,27.011449936321046,-0.21144993632104558,0.21144993632104558,0.788992299705394,27.231990476190486,-0.43199047619048514,0.43199047619048514,1.6119047619047953,27.28513914688206,-0.4851391468820587,0.4851391468820587,1.8102206973211146
2025-06-01 01:00:00,26.3,26.569342926066604,-0.26934292606660293,0.26934292606660293,1.0241175896068553,26.381893849206357,-0.0818938492063559,0.0818938492063559,0.31138345705838744,26.802978814764145,-0.5029788147641447,0.5029788147641447,1.9124669762895237
2025-06-01 02:00:00,25.9,26.15818728762443,-0.25818728762443044,0.25818728762443044,0.9968621143800405,25.691280845762446,0.20871915423755283,0.20871915423755283,0.805865460376652,26.375318096756757,-0.47531809675675873,0.47531809675675873,1.8352050067828523
2025-06-01 03:00:00,25.8,25.914122305131656,-0.11412230513165511,0.11412230513165511,0.4423345160141671,25.859026619817385,-0.05902661981738433,0.05902661981738433,0.22878534812939663,26.09032171841522,-0.2903217184152176,0.2903217184152176,1.1252779783535565
2025-06-01 04:00:00,25.8,25.947821399566536,-0.14782139956653495,0.14782139956653495,0.5729511611106006,25.844119792616812,-0.04411979261681154,0.04411979261681154,0.17100694812717648,26.054239352161897,-0.2542393521618962,0.2542393521618962,0.9854238455887449
2025-06-01 05:00:00,25.6,25.76831042717301,-0.16831042717300804,0.16831042717300804,0.6574626061445626,25.62624017898023,-0.02624017898022757,0.02624017898022757,0.10250069914151394,25.875375066430006,-0.275375066430005,0.275375066430005,1.0756838532422068
2025-06-01 06:00:00,25.3,25.446337619463517,-0.14633761946351598,0.14633761946351598,0.5784095630969011,25.43313113263769,-0.13313113263768983,0.13313113263768983,0.5262100104256514,25.595583362905465,-0.2955833629054645,0.2955833629054645,1.1683136873733775
2025-06-01 07:00:00,24.8,24.94924294447704,-0.149242944477038,0.149242944477038,0.6017860664396694,24.94171489514248,-0.14171489514247781,0.14171489514247781,0.5714310288003137,25.227297531426217,-0.4272975314262162,0.4272975314262162,1.7229739170411942
2025-06-01 08:00:00,24.5,24.64985705620941,-0.14985705620940948,0.14985705620940948,0.611661453915957,24.558914638537516,-0.058914638537515884,0.058914638537515884,0.240467912398024,25.037408075097566,-0.5374080750975665,0.5374080750975665,2.193502347337006
2025-06-01 09:00:00,24.5,24.55267916654566,-0.05267916654565852,0.05267916654565852,0.21501700630881027,24.48662691797007,0.01337308202992915,0.01337308202992915,0.054584008285425104,25.02688527727529,-0.5268852772752908,0.5268852772752908,2.150552152144044
2025-06-01 10:00:00,25.1,25.0873336423092,0.012666357690800822,0.012666357690800822,0.05046357645737379,25.185752509440213,-0.08575250944021207,0.08575250944021207,0.3416434639052273,25.436665558694852,-0.3366655586948504,0.3366655586948504,1.3412970465930292
2025-06-01 11:00:00,27.7,27.792912839364337,-0.09291283936433814,0.09291283936433814,0.3354254128676467,27.638240313305097,0.06175968669490217,0.06175968669490217,0.2229591577433291,27.815915678907526,-0.11591567890752685,0.11591567890752685,0.41846815490081896
2025-06-01 12:00:00,29.9,29.98450863651183,-0.08450863651183127,0.08450863651183127,0.282637580307128,29.975553858611303,-0.07555385861130404,0.07555385861130404,0.25268849033880947,29.867417765696253,0.03258223430374585,0.03258223430374585,0.1089706832901199
2025-06-01 13:00:00,31.2,31.082925004165784,0.11707499583421566,0.11707499583421566,0.37524037126351173,30.98993062815928,0.21006937184072072,0.21006937184072072,0.6732992687202588,30.943761050101035,0.25623894989896456,0.25623894989896456,0.8212786855736044
2025-06-01 14:00:00,31.8,31.474339967799892,0.3256600322001084,0.3256600322001084,1.024088151572668,31.769567723906444,0.030432276093556254,0.030432276093556254,0.09569898142627753,31.546433566631887,0.253566433368114,0.253566433368114,0.7973787212833774
2025-06-01 15:00:00,33.3,33.047121731510245,0.25287826848975214,0.25287826848975214,0.7593941996689254,32.86066123737374,0.4393387626262566,0.4393387626262566,1.3193356235022722,32.73807070803325,0.5619292919667487,0.5619292919667487,1.6874753512514977
2025-06-01 16:00:00,34.1,33.32405644142423,0.7759435585757686,0.7759435585757686,2.275494306673808,33.22509630948997,0.8749036905100311,0.8749036905100311,2.565699972170179,33.34941125111131,0.7505887488886884,0.7505887488886884,2.201140026066535
2025-06-01 17:00:00,32.3,31.917919193792883,0.3820808062071137,0.3820808062071137,1.1829127127155223,32.51912839684289,-0.21912839684289054,0.21912839684289054,0.6784160892968748,32.13862576831097,0.16137423168902387,0.16137423168902387,0.49961062442422255
2025-06-01 18:00:00,31.4,31.34374852835201,0.056251471647989604,0.056251471647989604,0.17914481416557199,31.453566078216504,-0.053566078216505275,0.053566078216505275,0.17059260578504865,31.272687605409,0.12731239459099797,0.12731239459099797,0.40545348595859226
2025-06-01 19:00:00,32.2,31.87126191880642,0.32873808119358117,0.32873808119358117,1.020925717992488,32.23398757148854,-0.03398757148853804,0.03398757148853804,0.10555146425011812,31.574467869331034,0.6255321306689687,0.6255321306689687,1.9426463685371698
2025-06-01 20:00:00,29.3,29.326900199843955,-0.026900199843954198,0.026900199843954198,0.09180955578141364,29.378637755862997,-0.07863775586299582,0.07863775586299582,0.2683882452661973,29.20645867013775,0.09354132986225139,0.09354132986225139,0.31925368553669414
2025-06-01 21:00:00,26.2,26.195084597859047,0.0049154021409520965,0.0049154021409520965,0.018761076873862963,26.2885878177418,-0.08858781774180002,0.08858781774180002,0.3381214417625955,26.341650030083013,-0.1416500300830137,0.1416500300830137,0.540648969782495
2025-06-01 22:00:00,26.1,26.06410224024241,0.03589775975759224,0.03589775975759224,0.1375393094160622,25.97339319657233,0.12660680342766994,0.12660680342766994,0.48508353803704957,26.323079698592885,-0.22307969859288335,0.22307969859288335,0.8547114888616221
2025-06-01 23:00:00,26.4,26.636194784015853,-0.23619478401585425,0.23619478401585425,0.8946772121812661,26.45048996284594,-0.05048996284594054,0.05048996284594054,0.1912498592649263,26.861886810621783,-0.4618868106217846,0.4618868106217846,1.7495712523552447
2025-06-02 00:00:00,26.2,26.31575385842888,-0.11575385842888153,0.11575385842888153,0.4418086199575631,26.285542713885064,-0.08554271388506507,0.08554271388506507,0.32649890795826364,26.54609700546207,-0.34609700546207023,0.34609700546207023,1.3209809368781307
2025-06-02 01:00:00,25.7,25.7795181735464,-0.07951817354640056,0.07951817354640056,0.3094092355891072,25.778654888167384,-0.0786548881673852,0.0786548881673852,0.3060501485112264,26.06188020556333,-0.361880205563331,0.361880205563331,1.4080941850713269
2025-06-02 02:00:00,25.0,24.98096476533118,0.019035234668820067,0.019035234668820067,0.07614093867528027,24.882229411927952,0.1177705880720481,0.1177705880720481,0.4710823522881924,25.36456181030161,-0.36456181030160906,0.36456181030160906,1.4582472412064362
2025-06-02 03:00:00,24.8,24.813362685013956,-0.013362685013955655,0.013362685013955655,0.05388179441111152,24.757941997648015,0.04205800235198609,0.04205800235198609,0.16958871916123425,25.152655420093566,-0.35265542009356565,0.35265542009356565,1.4219976616676033
2025-06-02 04:00:00,24.8,25.00875362227732,-0.20875362227732097,0.20875362227732097,0.8417484769246814,24.997080487743155,-0.197080487743154,0.197080487743154,0.7946793860611048,25.236282952068176,-0.4362829520681757,0.4362829520681757,1.759205451887805
2025-06-02 05:00:00,24.7,24.69443680596206,0.0055631940379399225,0.0055631940379399225,0.022523052785181873,24.693592741185924,0.006407258814075334,0.006407258814075334,0.025940319085325236,24.936531499350373,-0.23653149935037376,0.23653149935037376,0.9576174062768169
2025-06-02 06:00:00,24.4,24.316694438593856,0.0833055614061422,0.0833055614061422,0.3414162352710746,24.30412461985476,0.09587538014523744,0.09587538014523744,0.3929318858411371,24.634348203838833,-0.23434820383883448,0.23434820383883448,0.960443458355879
2025-06-02 07:00:00,24.4,24.32617047064773,0.07382952935226683,0.07382952935226683,0.3025800383289624,24.3046616568918,0.09533834310819955,0.09533834310819955,0.39073091437786706,24.64916079046625,-0.24916079046625228,0.24916079046625228,1.0211507805993947
2025-06-02 08:00:00,24.2,24.137606138744452,0.06239386125554702,0.06239386125554702,0.25782587295680587,24.110678747819776,0.08932125218022335,0.08932125218022335,0.36909608338935274,24.54369082475242,-0.3436908247524215,0.3436908247524215,1.4202100196381053
2025-06-02 09:00:00,24.1,24.13675726832008,-0.036757268320076975,0.036757268320076975,0.15251978556048537,24.110234303375332,-0.010234303375330711,0.010234303375330711,0.04246598910925606,24.601800799646988,-0.5018007996469862,0.5018007996469862,2.0821609943858346
2025-06-02 10:00:00,24.7,24.687374353512464,0.012625646487535391,0.012625646487535391,0.05111597768232952,24.817417184310294,-0.11741718431029469,0.11741718431029469,0.4753732158311526,25.029986834242155,-0.32998683424215614,0.32998683424215614,1.3359790860006322
2025-06-02 11:00:00,27.3,27.448872176580384,-0.1488721765803831,0.1488721765803831,0.5453193281332714,27.206530365761672,0.09346963423832833,0.09346963423832833,0.34237961259460925,27.412885599240393,-0.11288559924039276,0.11288559924039276,0.4135003635179222
2025-06-02 12:00:00,29.5,29.5742001238794,-0.07420012387940034,0.07420012387940034,0.25152584365898417,29.59641125153444,-0.09641125153444108,0.09641125153444108,0.32681780181166464,29.455948810105173,0.04405118989482659,0.04405118989482659,0.14932606744009014
2025-06-02 13:00:00,31.0,30.879056787085972,0.12094321291402821,0.12094321291402821,0.3901393964968652,30.99942820397054,0.0005717960294582269,0.0005717960294582269,0.0018445033208329903,30.743308806425496,0.256691193574504,0.256691193574504,0.8280361083048516
2025-06-02 14:00:00,31.2,30.97598625911815,0.22401374088184767,0.22401374088184767,0.7179927592366913,31.104907520055654,0.09509247994434489,0.09509247994434489,0.304783589565208,30.95966275514777,0.24033724485222763,0.24033724485222763,0.7703116822186783
2025-06-02 15:00:00,31.0,30.90149501718282,0.0985049828171789,0.0985049828171789,0.3177580090876739,31.10423294639093,-0.10423294639092973,0.10423294639092973,0.336235310938483,30.95603120868898,0.04396879131101983,0.04396879131101983,0.14183481068070913
2025-06-02 16:00:00,32.3,31.99049630192337,0.3095036980766288,0.3095036980766288,0.9582157835189749,31.989701707870722,0.31029829212927496,0.31029829212927496,0.960675827025619,31.94600228995214,0.35399771004785663,0.35399771004785663,1.0959681425630237
2025-06-02 17:00:00,32.1,31.86150433377352,0.23849566622648055,0.23849566622648055,0.742977153353522,32.16242342984724,-0.06242342984723592,0.06242342984723592,0.194465513542791,31.95319017685767,0.1468098231423305,0.1468098231423305,0.4573514739636464
2025-06-02 18:00:00,29.1,29.213067845801096,-0.11306784580109408,0.11306784580109408,0.3885492982855467,29.026061507936507,0.07393849206349401,0.07393849206349401,0.25408416516664606,29.041886781425553,0.058113218574447956,0.058113218574447956,0.19970178204277647
2025-06-02 19:00:00,29.8,29.969734576419285,-0.1697345764192839,0.1697345764192839,0.5695791155009527,29.989631641135794,-0.18963164113579367,0.18963164113579367,0.6363477890462874,29.94008819247592,-0.1400881924759183,0.1400881924759183,0.47009460562388694
2025-06-02 20:00:00,28.4,28.47696309628768,-0.07696309628768105,0.07696309628768105,0.2709968179143699,28.40073367075235,-0.0007336707523499797,0.0007336707523499797,0.002583347719542182,28.380636170855787,0.01936382914421131,0.01936382914421131,0.06818249698665954
2025-06-02 21:00:00,27.5,27.629438652483888,-0.12943865248388775,0.12943865248388775,0.4706860090323191,27.44904749833501,0.05095250166499099,0.05095250166499099,0.18528182423633086,27.698988060445995,-0.19898806044599482,0.19898806044599482,0.7235929470763448
2025-06-02 22:00:00,27.4,27.431144883576916,-0.031144883576917692,0.031144883576917692,0.11366745830991859,27.25288473064294,0.14711526935705876,0.14711526935705876,0.5369170414491196,27.44850602340402,-0.04850602340401977,0.04850602340401977,0.17702928249642252
2025-06-02 23:00:00,26.4,26.46750655513857,-0.0675065551385714,0.0675065551385714,0.2557066482521644,26.257270041504057,0.1427299584959414,0.1427299584959414,0.5406437821815961,26.54492130921237,-0.14492130921237134,0.14492130921237134,0.5489443530771642
2025-06-03 00:00:00,27.0,27.02576301602165,-0.02576301602164932,0.02576301602164932,0.09541857785796046,26.89761617964236,0.10238382035764104,0.10238382035764104,0.37919933465792977,27.02492263841545,-0.024922638415450393,0.024922638415450393,0.09230606820537182
2025-06-03 01:00:00,25.5,25.532873248619964,-0.0328732486199641,0.0328732486199641,0.12891470047044745,25.47774543848386,0.022254561516138693,0.022254561516138693,0.08727279025936743,25.768442678916973,-0.2684426789169727,0.2684426789169727,1.052716387909697
2025-06-03 02:00:00,25.3,25.16410624912588,0.13589375087412137,0.13589375087412137,0.5371294500953414,25.15824572321989,0.14175427678011232,0.14175427678011232,0.5602935841111158,25.41341425810481,-0.11341425810481098,0.11341425810481098,0.44827770001901573
2025-06-03 03:00:00,25.0,24.96626556036451,0.0337344396354915,0.0337344396354915,0.134937758541966,24.967986096235528,0.03201390376447222,0.03201390376447222,0.12805561505788887,25.181468946993682,-0.18146894699368232,0.18146894699368232,0.7258757879747293
2025-06-03 04:00:00,24.9,24.998912969911675,-0.09891296991167664,0.09891296991167664,0.3972408430187817,24.9980893275145,-0.09808932751450072,0.09808932751450072,0.39393304222691056,25.18191879548058,-0.28191879548058196,0.28191879548058196,1.1322039979139837
2025-06-03 05:00:00,24.9,25.036139106024375,-0.13613910602437684,0.13613910602437684,0.5467433976882604,25.00331930586948,-0.1033193058694799,0.1033193058694799,0.4149369713633731,25.166828864681143,-0.26682886468114475,0.26682886468114475,1.0716018661893363
2025-06-03 06:00:00,24.9,25.03947132871687,-0.13947132871687273,0.13947132871687273,0.5601258181400511,24.99659885132403,-0.0965988513240319,0.0965988513240319,0.3879471940724173,25.162277200222174,-0.2622772002221758,0.2622772002221758,1.053322089245686
2025-06-03 07:00:00,24.7,24.84666364806972,-0.146663648069719,0.146663648069719,0.5937799516992671,24.765878745233522,-0.06587874523352255,0.06587874523352255,0.2667155677470549,25.029430232393032,-0.32943023239303315,0.32943023239303315,1.3337256372187578
2025-06-03 08:00:00,24.4,24.457364721290986,-0.057364721290987575,0.057364721290987575,0.23510131676634252,24.39491276986905,0.005087230130946807,0.005087230130946807,0.02084930381535577,24.769303041202797,-0.369303041202798,0.369303041202798,1.5135370541098279
2025-06-03 09:00:00,24.3,24.26644202610194,0.033557973898059146,0.033557973898059146,0.1380986580167043,24.13808692496228,0.16191307503772023,0.16191307503772023,0.6663089507725113,24.68470037238918,-0.38470037238917953,0.38470037238917953,1.5831291044822202
2025-06-03 10:00:00,24.9,24.79330752819326,0.10669247180673835,0.10669247180673835,0.4284838225170215,24.793764253638493,0.10623574636150579,0.10623574636150579,0.42664958378114776,25.10067447018814,-0.20067447018814022,0.20067447018814022,0.8059215670206435
2025-06-03 11:00:00,27.5,27.66833072013187,-0.16833072013186978,0.16833072013186978,0.6121117095704356,27.589081204906208,-0.08908120490620774,0.08908120490620774,0.3239316542043918,27.695120851754854,-0.19512085175485439,0.19512085175485439,0.7095303700176523
2025-06-03 12:00:00,28.8,29.00070466722956,-0.2007046672295587,0.2007046672295587,0.69689120565819,28.871722856310324,-0.07172285631032338,0.07172285631032338,0.24903769552195618,28.989864124296943,-0.18986412429694255,0.18986412429694255,0.659250431586606
2025-06-03 13:00:00,30.8,30.820830989330677,-0.020830989330676175,0.020830989330676175,0.06763308224245511,31.07692376015233,-0.27692376015232867,0.27692376015232867,0.8991031173776904,30.750154031278413,0.04984596872158775,0.04984596872158775,0.16183756078437583
2025-06-03 14:00:00,32.0,31.840668687282076,0.15933131271792433,0.15933131271792433,0.49791035224351354,32.058756948856086,-0.058756948856085955,0.058756948856085955,0.1836154651752686,31.79324299081381,0.206757009186191,0.206757009186191,0.6461156537068469
2025-06-03 15:00:00,31.6,31.36277156170238,0.23722843829762041,0.23722843829762041,0.7507229060051279,31.400245016148457,0.19975498385154467,0.19975498385154467,0.6321360248466603,31.5461239503252,0.05387604967480186,0.05387604967480186,0.170493828084816
2025-06-03 16:00:00,32.4,32.05473764222064,0.34526235777936165,0.34526235777936165,1.0656245610474127,32.32225186713924,0.0777481328607621,0.0777481328607621,0.23996337302704351,32.15038425259872,0.249615747401279,0.249615747401279,0.7704189734607377
2025-06-03 17:00:00,32.1,31.988657718690447,0.11134228130955393,0.11134228130955393,0.3468606894378627,32.06594558410477,0.03405441589523406,0.03405441589523406,0.10608852303811231,31.83738333585348,0.2626166641465204,0.2626166641465204,0.8181204490545806
2025-06-03 18:00:00,32.9,32.60926346394353,0.2907365360564711,0.2907365360564711,0.8836976779831949,32.61190829280369,0.2880917071963083,0.2880917071963083,0.8756586844872593,32.307798377835695,0.5922016221643034,0.5922016221643034,1.8000049305905879
2025-06-03 19:00:00,30.7,30.80164925311342,-0.10164925311342188,0.10164925311342188,0.3311050590013742,30.874018929060444,-0.1740189290604448,0.1740189290604448,0.5668369024770189,30.740727661623552,-0.04072766162355279,0.04072766162355279,0.1326633929105954
2025-06-03 20:00:00,25.7,25.716008041290745,-0.016008041290746178,0.016008041290746178,0.06228809840757268,25.743175913498867,-0.0431759134988674,0.0431759134988674,0.16799966341971753,26.08676918046799,-0.38676918046799,0.38676918046799,1.5049384454007395
2025-06-03 21:00:00,25.5,25.397809497801052,0.10219050219894754,0.10219050219894754,0.4007470674468531,25.586798157765433,-0.08679815776543265,0.08679815776543265,0.34038493241346135,25.800419921694417,-0.30041992169441656,0.30041992169441656,1.1781173399781042
2025-06-03 22:00:00,25.0,24.767936501597777,0.23206349840222273,0.23206349840222273,0.9282539936088909,24.989649072013723,0.010350927986277014,0.010350927986277014,0.04140371194510806,25.223958440099164,-0.22395844009916388,0.22395844009916388,0.8958337603966556
2025-06-03 23:00:00,24.8,24.68907235953077,0.11092764046923165,0.11092764046923165,0.447288872859805,24.718906650970116,0.08109334902988508,0.08109334902988508,0.3269893106043753,25.15113989975934,-0.3511398997593389,0.3511398997593389,1.4158866925779794
2025-06-04 00:00:00,24.9,24.87273319418843,0.027266805811567707,0.027266805811567707,0.10950524422316348,24.991781823135224,-0.09178182313522498,0.09178182313522498,0.368601699338253,25.25798938589523,-0.3579893858952303,0.3579893858952303,1.4377083770892785
2025-06-04 01:00:00,24.8,24.634252108968003,0.16574789103199805,0.16574789103199805,0.6683382702903147,24.722973301859938,0.07702669814006313,0.07702669814006313,0.3105915247583191,25.0120710686703,-0.2120710686702978,0.2120710686702978,0.8551252768963621
2025-06-04 02:00:00,24.8,24.838710192010183,-0.038710192010182,0.038710192010182,0.15608948391202418,24.848549108459494,-0.04854910845949334,0.04854910845949334,0.19576253411086025,25.125655328496375,-0.32565532849637435,0.32565532849637435,1.3131263245821545
2025-06-04 03:00:00,24.7,24.777387330112745,-0.0773873301127459,0.0773873301127459,0.31330902879654215,24.773887312616438,-0.07388731261643855,0.07388731261643855,0.29913891747545973,25.013206013856287,-0.31320601385628777,0.31320601385628777,1.2680405419282905
2025-06-04 04:00:00,24.4,24.49599328635827,-0.0959932863582722,0.0959932863582722,0.39341510802570573,24.478222322377913,-0.07822232237791482,0.07822232237791482,0.3205832884340772,24.73445664314349,-0.3344566431434899,0.3344566431434899,1.3707239473093848
2025-06-04 05:00:00,24.2,24.23806958580379,-0.03806958580378961,0.03806958580378961,0.15731233803218847,24.21477357069838,-0.014773570698380922,0.014773570698380922,0.06104781280322695,24.491660607252605,-0.2916606072526058,0.2916606072526058,1.2052091208785363
2025-06-04 06:00:00,24.2,24.150234247680967,0.049765752319032686,0.049765752319032686,0.20564360462410203,24.122198340623513,0.07780165937648675,0.07780165937648675,0.3214944602334163,24.433169477912717,-0.23316947791271758,0.23316947791271758,0.9635102393087503
2025-06-04 07:00:00,24.1,24.162532005118845,-0.06253200511884316,0.06253200511884316,0.2594689009080629,24.107655417737586,-0.007655417737584713,0.007655417737584713,0.031765218828152336,24.45167253854901,-0.35167253854900693,0.35167253854900693,1.4592221516556303
2025-06-04 08:00:00,24.2,24.23601350688527,-0.03601350688527205,0.03601350688527205,0.14881614415401676,24.193890334244433,0.006109665755566596,0.006109665755566596,0.025246552708952878,24.54037159601451,-0.34037159601450995,0.34037159601450995,1.406494198407066
2025-06-04 09:00:00,24.2,24.33531981953004,-0.13531981953003935,0.13531981953003935,0.5591728079753692,24.3190241560727,-0.119024156072701,0.119024156072701,0.4918353556723182,24.686113666757272,-0.48611366675727297,0.48611366675727297,2.0087341601540203
2025-06-04 10:00:00,24.8,24.666059745062665,0.13394025493733608,0.13394025493733608,0.5400816731344196,24.803180972482895,-0.0031809724828946173,0.0031809724828946173,0.012826501947155714,24.927287228833954,-0.1272872288339535,0.1272872288339535,0.5132549549756189
2025-06-04 11:00:00,26.8,26.80163771989996,-0.0016377198999606435,0.0016377198999606435,0.006110895149106878,26.716114238727236,0.08388576127276437,0.08388576127276437,0.3130065719132999,26.790802397466166,0.009197602533834726,0.009197602533834726,0.03431941243968181
2025-06-04 12:00:00,28.5,28.62903050674827,-0.12903050674826844,0.12903050674826844,0.45273862016936295,28.500527846047724,-0.0005278460477242675,0.0005278460477242675,0.0018520913955237456,28.551328577532566,-0.05132857753256559,0.05132857753256559,0.1801002720440898
2025-06-04 13:00:00,29.9,29.92047151462294,-0.02047151462294039,0.02047151462294039,0.06846660409010163,29.919717635119213,-0.019717635119214094,0.019717635119214094,0.06594526795723778,29.920426278483106,-0.020426278483107296,0.020426278483107296,0.06831531265253277
2025-06-04 14:00:00,31.3,30.99230995531263,0.3076900446873694,0.3076900446873694,0.9830352865411162,31.134852149838434,0.16514785016156708,0.16514785016156708,0.5276289142542079,30.98628171716929,0.3137182828307097,0.3137182828307097,1.002294833324951
2025-06-04 15:00:00,31.7,31.53259481907448,0.16740518092552037,0.16740518092552037,0.5280920533928087,31.780152785423496,-0.08015278542349691,0.08015278542349691,0.2528479035441543,31.53509158101937,0.16490841898063024,0.16490841898063024,0.5202158327464677
2025-06-04 16:00:00,31.8,31.597733179083313,0.20226682091668735,0.20226682091668735,0.6360591852726017,32.10930476019992,-0.30930476019991815,0.30930476019991815,0.9726564786160947,31.86461653932531,-0.06461653932531064,0.06461653932531064,0.203196664545002
2025-06-04 17:00:00,31.6,31.5747958679148,0.025204132085200115,0.025204132085200115,0.07975991166202569,31.746590379788874,-0.14659037978887213,0.14659037978887213,0.4638936069268105,31.78944946833262,-0.18944946833261866,0.18944946833261866,0.5995236339639831
2025-06-04 18:00:00,27.9,28.16782212521988,-0.26782212521988313,0.26782212521988313,0.9599359326877532,28.020599808524818,-0.120599808524819,0.120599808524819,0.43225737822515775,28.469679703612552,-0.5696797036125538,0.5696797036125538,2.0418627369625586
2025-06-04 19:00:00,30.7,30.63618293313907,0.0638170668609277,0.0638170668609277,0.20787318195741922,30.971180383337256,-0.27118038333725636,0.27118038333725636,0.8833237242255907,30.65915913103592,0.04084086896407868,0.04084086896407868,0.13303214646279699
2025-06-04 20:00:00,30.2,30.084204036329005,0.11579596367099398,0.11579596367099398,0.38343034328143705,30.103634941569872,0.09636505843012699,0.09636505843012699,0.31908959745075166,30.109213119678998,0.09078688032100146,0.09078688032100146,0.30061880900993865
2025-06-04 21:00:00,28.1,28.227034390447507,-0.12703439044750553,0.12703439044750553,0.45207968130784887,28.205082120657135,-0.10508212065713352,0.10508212065713352,0.37395772475848227,28.26024049462687,-0.16024049462686918,0.16024049462686918,0.5702508705582533
2025-06-04 22:00:00,25.3,25.139020173076702,0.16097982692329893,0.16097982692329893,0.6362839008826044,25.28158928388073,0.01841071611926992,0.01841071611926992,0.07276962892992063,25.40517999850811,-0.10517999850810966,0.10517999850810966,0.4157312193996429
2025-06-04 23:00:00,24.8,24.761134984088073,0.03886501591192726,0.03886501591192726,0.15671377383841636,24.77314196428573,0.02685803571426959,0.02685803571426959,0.10829853110592576,25.169734026369632,-0.36973402636963115,0.36973402636963115,1.4908630095549642
2025-06-05 00:00:00,24.7,24.657937962659904,0.04206203734009506,0.04206203734009506,0.17029164915018244,24.73502973685881,-0.03502973685881017,0.03502973685881017,0.14182079699923145,25.009964486814216,-0.3099644868142164,0.3099644868142164,1.2549169506648437
2025-06-05 01:00:00,24.7,24.724088858250678,-0.024088858250678413,0.024088858250678413,0.09752574190558062,24.768837060091187,-0.0688370600911874,0.0688370600911874,0.27869255097646717,25.059956763579393,-0.3599567635793939,0.3599567635793939,1.4573148323052385
2025-06-05 02:00:00,24.6,24.705005133796725,-0.10500513379672327,0.10500513379672327,0.4268501373850539,24.744036727754505,-0.1440367277545036,0.1440367277545036,0.5855151534735918,24.956251237381593,-0.35625123738159203,0.35625123738159203,1.4481757617137887
2025-06-05 03:00:00,24.3,24.540264976800998,-0.24026497680099723,0.24026497680099723,0.988744760497931,24.468896475338383,-0.16889647533838215,0.16889647533838215,0.6950472236147414,24.796130907094284,-0.4961309070942832,0.4961309070942832,2.0416909756966386
2025-06-05 04:00:00,24.2,24.328476919995214,-0.12847691999521516,0.12847691999521516,0.5308963636165915,24.444495798400954,-0.2444957984009548,0.2444957984009548,1.0103132165328712,24.57843236447458,-0.3784323644745804,0.3784323644745804,1.5637701011346299
2025-06-05 05:00:00,24.8,24.89619932694447,-0.09619932694446831,0.09619932694446831,0.38790051187285607,24.80993495875041,-0.009934958750410061,0.009934958750410061,0.04006031754197605,25.046259204505304,-0.24625920450530359,0.24625920450530359,0.992980663327837
2025-06-05 06:00:00,24.7,24.851148057954063,-0.15114805795406383,0.15114805795406383,0.6119354573039022,24.621125990798415,0.07887400920158427,0.07887400920158427,0.3193279724760497,24.966406945004074,-0.2664069450040749,0.2664069450040749,1.078570627546862
2025-06-05 07:00:00,24.8,25.077974180943997,-0.2779741809439962,0.2779741809439962,1.1208636328386943,24.858757196969705,-0.058757196969704495,0.058757196969704495,0.23692418132945361,25.300891780209316,-0.5008917802093151,0.5008917802093151,2.0197249201988514
2025-06-05 08:00:00,24.7,24.94876253563512,-0.24876253563511952,0.24876253563511952,1.0071357718021032,24.636760173160184,0.06323982683981555,0.06323982683981555,0.25603168761058925,25.199518293132975,-0.4995182931329758,0.4995182931329758,2.0223412677448414
2025-06-05 09:00:00,24.4,24.767392021277416,-0.36739202127741777,0.36739202127741777,1.505705005235319,24.513222276334783,-0.11322227633478477,0.11322227633478477,0.46402572268354414,25.16432207001912,-0.7643220700191229,0.7643220700191229,3.132467500078372
2025-06-05 10:00:00,25.1,25.216083975479236,-0.11608397547923488,0.11608397547923488,0.46248595808460113,24.785510119047636,0.3144898809523653,0.3144898809523653,1.2529477328779495,25.517113012876095,-0.4171130128760936,0.4171130128760936,1.6618048321756715
2025-06-05 11:00:00,26.9,27.021834682348064,-0.12183468234806583,0.12183468234806583,0.45291703475117406,27.22847549672551,-0.3284754967255097,0.3284754967255097,1.221098500838326,27.18419707607862,-0.28419707607861966,0.28419707607861966,1.0564947066119692
2025-06-05 12:00:00,29.0,29.161023222883664,-0.16102322288366366,0.16102322288366366,0.5552524927022885,29.02637795658091,-0.0263779565809088,0.0263779565809088,0.09095847096865103,29.006666113040858,-0.006666113040857624,0.006666113040857624,0.022986596692612497
2025-06-05 13:00:00,29.7,29.813201621144074,-0.11320162114407495,0.11320162114407495,0.3811502395423399,29.70627663458403,-0.006276634584029495,0.006276634584029495,0.021133449777877088,29.700106833993367,-0.00010683399336741672,0.00010683399336741672,0.0003597104153785075
2025-06-05 14:00:00,32.0,31.6782434402916,0.3217565597084011,0.3217565597084011,1.0054892490887535,31.98747567931426,0.012524320685738388,0.012524320685738388,0.03913850214293246,31.65050313956871,0.3494968604312909,0.3494968604312909,1.092177688847784
2025-06-05 15:00:00,31.6,31.377676804590592,0.22232319540940892,0.22232319540940892,0.7035544158525598,31.569787479368745,0.030212520631256012,0.030212520631256012,0.09560924250397472,31.5404641408771,0.059535859122902934,0.059535859122902934,0.18840461747754092
2025-06-05 16:00:00,29.0,29.376863158310677,-0.37686315831067674,0.37686315831067674,1.2995281321057819,29.212369683511373,-0.21236968351137264,0.21236968351137264,0.7323092534874919,29.442547101658192,-0.44254710165819233,0.44254710165819233,1.5260244884765253
2025-06-05 17:00:00,31.8,31.74166142089225,0.05833857910775109,0.05833857910775109,0.18345465128223612,31.880416542190602,-0.08041654219060135,0.08041654219060135,0.2528822081465451,31.708028739837104,0.09197126016289658,0.09197126016289658,0.2892177992543918
2025-06-05 18:00:00,31.1,31.010716390130476,0.08928360986952555,0.08928360986952555,0.2870855622814326,31.13867266466718,-0.038672664667178225,0.038672664667178225,0.12434940407452806,31.022031973383335,0.07796802661666646,0.07796802661666646,0.2507010502143616
2025-06-05 19:00:00,28.5,28.610638790600444,-0.11063879060044357,0.11063879060044357,0.38820628280857394,28.297302958152937,0.20269704184706328,0.20269704184706328,0.71121769069145,28.51364971697898,-0.013649716978978432,0.013649716978978432,0.04789374378588923
2025-06-05 20:00:00,28.0,28.176059572085684,-0.17605957208568412,0.17605957208568412,0.6287841860203004,28.158936444014085,-0.1589364440140848,0.1589364440140848,0.56763015719316,28.16120016870517,-0.16120016870517162,0.16120016870517162,0.5757148882327557
2025-06-05 21:00:00,25.9,25.88539301301619,0.014606986983807246,0.014606986983807246,0.05639763314211293,26.06340440807516,-0.16340440807516288,0.16340440807516288,0.6309050504832544,26.144393443745194,-0.24439344374519578,0.24439344374519578,0.9436040299042308
2025-06-05 22:00:00,24.9,24.73672569131135,0.16327430868864923,0.16327430868864923,0.6557201152154588,24.958945445490716,-0.058945445490717674,0.058945445490717674,0.23672869674987018,25.0692719578284,-0.16927195782839988,0.16927195782839988,0.6798070595518068
2025-06-05 23:00:00,25.0,25.05739765821203,-0.0573976582120288,0.0573976582120288,0.22959063284811518,25.079996112093383,-0.07999611209338298,0.07999611209338298,0.3199844483735319,25.30792347607884,-0.30792347607884096,0.30792347607884096,1.2316939043153639
2025-06-06 00:00:00,25.1,25.18727976431757,-0.08727976431756801,0.08727976431756801,0.34772814469150604,25.156110588690144,-0.05611058869014229,0.05611058869014229,0.22354816211212067,25.505298393155215,-0.40529839315521343,0.40529839315521343,1.6147346340845155
2025-06-06 01:00:00,25.2,25.05823742662239,0.14176257337760845,0.14176257337760845,0.5625498943555891,25.063294962036952,0.136705037963047,0.136705037963047,0.5424803093771706,25.27318196639405,-0.07318196639404917,0.07318196639404917,0.2904046285478141
2025-06-06 02:00:00,25.3,25.246219209123563,0.053780790876437834,0.053780790876437834,0.21257229595429972,25.26480508540083,0.035194914599170346,0.035194914599170346,0.1391103343840725,25.317180088207763,-0.017180088207762623,0.017180088207762623,0.06790548698720404
2025-06-06 03:00:00,25.5,25.672534630933256,-0.1725346309332565,0.1725346309332565,0.6766063958166921,25.633243894708944,-0.1332438947089436,0.1332438947089436,0.5225250772899749,25.67765338919668,-0.1776533891966814,0.1776533891966814,0.6966799576340447
2025-06-06 04:00:00,25.1,25.10323699669285,-0.003236996692848493,0.003236996692848493,0.012896401166727063,24.924489930453532,0.17551006954646908,0.17551006954646908,0.6992433049660123,25.186389790024844,-0.08638979002484248,0.08638979002484248,0.34418243037785845
2025-06-06 05:00:00,24.6,24.849426437132518,-0.24942643713251655,0.24942643713251655,1.013928606229742,24.758046986694907,-0.1580469866949059,0.1580469866949059,0.6424674255890485,24.955795960384236,-0.3557959603842349,0.3557959603842349,1.4463250422123368
2025-06-06 06:00:00,24.5,24.663756449538234,-0.16375644953823354,0.16375644953823354,0.6683936715846267,24.538322609846304,-0.03832260984630409,0.03832260984630409,0.15641881569920035,24.795664766826974,-0.29566476682697385,0.29566476682697385,1.2067949666407096
2025-06-06 07:00:00,24.3,24.390122706116536,-0.09012270611653506,0.09012270611653506,0.3708753338129015,24.293121234688545,0.006878765311455481,0.006878765311455481,0.02830767617882914,24.595807035806164,-0.2958070358061633,0.2958070358061633,1.2173129045521123
2025-06-06 08:00:00,24.4,24.46647774125117,-0.06647774125116968,0.06647774125116968,0.27244975922610526,24.432160933857823,-0.03216093385782415,0.03216093385782415,0.13180710597468914,24.681348755269028,-0.281348755269029,0.281348755269029,1.1530686691353649
2025-06-06 09:00:00,24.3,24.45165297203857,-0.1516529720385691,0.1516529720385691,0.6240863046854694,24.44287107545233,-0.14287107545233013,0.14287107545233013,0.5879468125610293,24.725523975286862,-0.42552397528686114,0.42552397528686114,1.7511274703163011
2025-06-06 10:00:00,25.2,25.095981797453096,0.10401820254690364,0.10401820254690364,0.41277064502739536,25.154247489558884,0.04575251044111539,0.04575251044111539,0.18155758111553727,25.239921902716965,-0.03992190271696572,0.03992190271696572,0.15842024887684808
2025-06-06 11:00:00,26.5,26.598231013062232,-0.09823101306223236,0.09823101306223236,0.3706830681593674,26.590395897230028,-0.09039589723002805,0.09039589723002805,0.3411165933208606,26.594305911821372,-0.09430591182137249,0.09430591182137249,0.35587136536366976
2025-06-06 12:00:00,28.8,28.790435656126515,0.00956434387348537,0.00956434387348537,0.03320952733849087,28.623888893333746,0.17611110666625507,0.17611110666625507,0.6114968981467189,28.613702721502978,0.1862972784970225,0.1862972784970225,0.6468655503368836
2025-06-06 13:00:00,30.7,30.692473425900612,0.007526574099387062,0.007526574099387062,0.024516528011032778,30.875666985335247,-0.17566698533524772,0.17566698533524772,0.5722051639584615,30.615682333935254,0.08431766606474511,0.08431766606474511,0.274650378061059
2025-06-06 14:00:00,31.0,31.077609442473474,-0.07760944247347368,0.07760944247347368,0.2503530402370118,31.245391710967287,-0.2453917109672865,0.2453917109672865,0.7915861644106017,31.07435466657806,-0.07435466657805989,0.07435466657805989,0.2398537631550319
2025-06-06 15:00:00,31.3,31.410750531165373,-0.11075053116537248,0.11075053116537248,0.3538355628286661,31.411214194849425,-0.11121419484942408,0.11121419484942408,0.3553169164518341,31.425932754863574,-0.12593275486357314,0.12593275486357314,0.4023410698516714
2025-06-06 16:00:00,32.2,32.10155732411829,0.09844267588171363,0.09844267588171363,0.3057225959059429,32.23766435372288,-0.037664353722874466,0.037664353722874466,0.11697004261762255,32.168281038978634,0.03171896102136884,0.03171896102136884,0.09850609012847465
2025-06-06 17:00:00,32.1,31.818694537402816,0.28130546259718514,0.28130546259718514,0.8763410049756546,32.25122179086035,-0.15122179086034748,0.15122179086034748,0.4710959216833254,32.05611928156467,0.043880718435332255,0.043880718435332255,0.1367000574309416
2025-06-06 18:00:00,32.7,32.13313776595446,0.5668622340455443,0.5668622340455443,1.7335236515154255,32.93068933918631,-0.23068933918630563,0.23068933918630563,0.7054719852792221,32.294608304736435,0.40539169526356744,0.40539169526356744,1.239729954934457
2025-06-06 19:00:00,32.9,32.19556000646024,0.7044399935397578,0.7044399935397578,2.1411549955615743,32.94521801938821,-0.045218019388208575,0.045218019388208575,0.1374407884140078,32.23680376729183,0.6631962327081666,0.6631962327081666,2.0157940203895643
2025-06-06 20:00:00,30.5,30.552818198861328,-0.05281819886132766,0.05281819886132766,0.17317442249615625,30.59937939183281,-0.09937939183280875,0.09937939183280875,0.3258340715829795,30.181257319031527,0.318742680968473,0.318742680968473,1.0450579703884362
2025-06-06 21:00:00,28.5,28.636256210463838,-0.13625621046383785,0.13625621046383785,0.4780919665397819,28.595411198801187,-0.09541119880118742,0.09541119880118742,0.3347761361445173,28.550125308135854,-0.05012530813585414,0.05012530813585414,0.17587827416089172
2025-06-06 22:00:00,26.9,26.99967510124368,-0.09967510124368317,0.09967510124368317,0.3705394098278185,27.025024765695235,-0.1250247656952368,0.1250247656952368,0.46477608065143794,27.047029149433996,-0.14702914943399747,0.14702914943399747,0.546576763695158
2025-06-06 23:00:00,26.6,26.76947583678954,-0.16947583678953748,0.16947583678953748,0.6371272059757048,26.516100254662195,0.08389974533780631,0.08389974533780631,0.3154125764579184,26.937210641180492,-0.3372106411804907,0.3372106411804907,1.2677091773702658
2025-06-07 00:00:00,26.2,26.356077062805355,-0.15607706280535538,0.15607706280535538,0.5957139801731122,25.90538073682855,0.29461926317144815,0.29461926317144815,1.1245010044711763,26.58965696440692,-0.389656964406921,0.389656964406921,1.4872403221638206
2025-06-07 01:00:00,25.8,26.181465871479205,-0.38146587147920386,0.38146587147920386,1.4785498894542786,25.563588933288948,0.23641106671105305,0.23641106671105305,0.9163219639963296,26.38494908299353,-0.5849490829935284,0.5849490829935284,2.267244507726854
2025-06-07 02:00:00,25.4,25.521751717351826,-0.12175171735182744,0.12175171735182744,0.47933746988908443,25.348884424603185,0.051115575396813995,0.051115575396813995,0.20124242282210233,25.766982061252648,-0.3669820612526493,0.3669820612526493,1.44481126477421
2025-06-07 03:00:00,24.9,24.952119515519982,-0.052119515519983395,0.052119515519983395,0.20931532337342731,24.838551038912087,0.06144896108791187,0.06144896108791187,0.2467829762566742,25.23292897506622,-0.33292897506622054,0.33292897506622054,1.3370641568924522
2025-06-07 04:00:00,25.1,25.37039534479115,-0.27039534479114735,0.27039534479114735,1.077272290004571,25.112593850267384,-0.012593850267382578,0.012593850267382578,0.050174702260488355,25.532801482104333,-0.4328014821043311,0.4328014821043311,1.7243086936427534
2025-06-07 05:00:00,24.7,24.894903802500426,-0.19490380250042705,0.19490380250042705,0.7890842206495022,24.800711942877403,-0.10071194287740326,0.10071194287740326,0.4077406594226853,25.124530511250814,-0.42453051125081487,0.42453051125081487,1.718747009112611
2025-06-07 06:00:00,24.5,24.599693912255862,-0.09969391225586222,0.09969391225586222,0.4069139275749478,24.525210765234505,-0.025210765234504606,0.025210765234504606,0.1029010825898147,24.872535860618225,-0.37253586061822475,0.37253586061822475,1.5205545331356112
2025-06-07 07:00:00,24.8,24.870652741676523,-0.07065274167652191,0.07065274167652191,0.2848900874053303,24.747309066647112,0.052690933352888436,0.052690933352888436,0.21246344093906627,25.088576894736306,-0.28857689473630543,0.28857689473630543,1.1636165110334895
2025-06-07 08:00:00,24.4,24.46954700289041,-0.06954700289040971,0.06954700289040971,0.28502870037053163,24.438344177003554,-0.0383441770035553,0.0383441770035553,0.15714826640801355,24.78380993195396,-0.3838099319539623,0.3838099319539623,1.5729915244014852
2025-06-07 09:00:00,24.5,24.551190662436436,-0.05119066243643644,0.05119066243643644,0.20894147933239365,24.492478922119545,0.007521077880454641,0.007521077880454641,0.030698277063080166,24.881015318955498,-0.3810153189554981,0.3810153189554981,1.5551645671652985
2025-06-07 10:00:00,25.2,25.188356426567925,0.011643573432074561,0.011643573432074561,0.046204656476486354,25.229565119291436,-0.029565119291437014,0.029565119291437014,0.11732190195014688,25.411380914974906,-0.21138091497490663,0.21138091497490663,0.838813154662328
2025-06-07 11:00:00,27.7,27.851814569981343,-0.1518145699813438,0.1518145699813438,0.5480670396438405,27.80041692452282,-0.10041692452282192,0.10041692452282192,0.36251597300657734,27.772816056834934,-0.07281605683493453,0.07281605683493453,0.26287385138965536
2025-06-07 12:00:00,30.1,30.200364403208038,-0.10036440320803663,0.10036440320803663,0.3334365555084273,30.13639319074934,-0.03639319074934022,0.03639319074934022,0.12090761046292431,30.020664298015603,0.0793357019843981,0.0793357019843981,0.26357376074550865
2025-06-07 13:00:00,30.3,30.28035563830665,0.019644361693352153,0.019644361693352153,0.06483287687574968,30.25126199578233,0.048738004217671715,0.048738004217671715,0.16085149906822346,30.296319967172785,0.00368003282721574,0.00368003282721574,0.012145322862098153
2025-06-07 14:00:00,32.2,32.06504117605614,0.13495882394386172,0.13495882394386172,0.41912678243435314,32.15916116412397,0.040838835876030544,0.040838835876030544,0.12682868284481533,31.93837470453575,0.2616252954642526,0.2616252954642526,0.8125009175908465
2025-06-07 15:00:00,32.5,32.47218953696561,0.02781046303439183,0.02781046303439183,0.0855706554904364,32.38135607298403,0.11864392701596671,0.11864392701596671,0.3650582369722053,32.45584650708419,0.044153492915810943,0.044153492915810943,0.1358569012794183
2025-06-07 16:00:00,32.3,32.07288372033196,0.2271162796680386,0.2271162796680386,0.7031463766812341,32.00391310213037,0.2960868978696283,0.2960868978696283,0.9166777023827501,32.22212802047189,0.07787197952810487,0.07787197952810487,0.24108971990125352
2025-06-07 17:00:00,33.1,32.62265476359081,0.47734523640919235,0.47734523640919235,1.442130623592726,33.12520155261734,-0.025201552617339473,0.025201552617339473,0.07613762120042136,32.84581574767905,0.2541842523209539,0.2541842523209539,0.7679282547460842
2025-06-07 18:00:00,33.4,33.07359213843323,0.3264078615667714,0.3264078615667714,0.9772690466071,33.186048833805074,0.21395116619492427,0.21395116619492427,0.6405723538770187,33.02970795486703,0.3702920451329703,0.3702920451329703,1.1086588177633843
2025-06-07 19:00:00,27.7,27.895367624921796,-0.19536762492179705,0.19536762492179705,0.7052982849162348,27.850266691349574,-0.15026669134957515,0.15026669134957515,0.5424790301428706,27.95456260672418,-0.25456260672418196,0.25456260672418196,0.9189985802317039
2025-06-07 20:00:00,25.3,25.30007974288779,-7.974288778811456e-05,7.974288778811456e-05,0.0003151892797949192,25.31435186896437,-0.014351868964368464,0.014351868964368464,0.056726754799875344,25.883754565297746,-0.5837545652977454,0.5837545652977454,2.3073302976195467
2025-06-07 21:00:00,24.5,24.427874904474415,0.07212509552558544,0.07212509552558544,0.2943881450023895,24.502255970193016,-0.0022559701930155995,0.0022559701930155995,0.009208041604145303,24.950579368514056,-0.450579368514056,0.450579368514056,1.8390994633226774
2025-06-07 22:00:00,24.8,24.836207674905314,-0.03620767490531307,0.03620767490531307,0.1459986891343269,24.764003192312785,0.03599680768721569,0.03599680768721569,0.14514841809361168,25.286155269025514,-0.4861552690255131,0.4861552690255131,1.9603035041351333
2025-06-07 23:00:00,25.1,25.114678161865438,-0.014678161865436579,0.014678161865436579,0.05847873253161982,25.076844005866274,0.023155994133727376,0.023155994133727376,0.0922549567080772,25.4366661602799,-0.33666616027989704,0.33666616027989704,1.3412994433462033
2025-06-08 00:00:00,25.1,25.080457969501104,0.019542030498897134,0.019542030498897134,0.07785669521472961,25.068939741218763,0.031060258781238304,0.031060258781238304,0.12374605092126813,25.402863655821722,-0.3028636558217208,0.3028636558217208,1.206628110843509
2025-06-08 01:00:00,25.2,25.17032014466972,0.02967985533027928,0.02967985533027928,0.11777720369158447,25.159169660500684,0.04083033949931547,0.04083033949931547,0.16202515674331536,25.404434072805955,-0.20443407280595594,0.20443407280595594,0.8112463206585553
2025-06-08 02:00:00,25.2,25.30050777992379,-0.10050777992379167,0.10050777992379167,0.3988403965229828,25.237145669790173,-0.037145669790174196,0.037145669790174196,0.1474034515483103,25.451244192108753,-0.2512441921087536,0.2512441921087536,0.997000762336324
2025-06-08 03:00:00,25.2,25.31033750085117,-0.11033750085116978,0.11033750085116978,0.4378472255998801,25.29112506852986,-0.09112506852985902,0.09112506852985902,0.36160741480102787,25.426587996715597,-0.22658799671559748,0.22658799671559748,0.899158717125387
2025-06-08 04:00:00,25.1,25.22335075885304,-0.12335075885303937,0.12335075885303937,0.49143728626708905,25.151693625285898,-0.05169362528589616,0.05169362528589616,0.2059506983501839,25.311844393783076,-0.21184439378307474,0.21184439378307474,0.8440015688568715
2025-06-08 05:00:00,25.1,25.221305483537428,-0.12130548353742654,0.12130548353742654,0.4832887790335718,25.1508936252859,-0.050893625285898025,0.050893625285898025,0.2027634473541754,25.30338017798135,-0.203380177981348,0.203380177981348,0.8102795935511873
2025-06-08 06:00:00,25.0,25.151689624946947,-0.15168962494694682,0.15168962494694682,0.6067584997877873,25.05152589762348,-0.05152589762348114,0.05152589762348114,0.20610359049392457,25.226944815472073,-0.22694481547207346,0.22694481547207346,0.9077792618882939
2025-06-08 07:00:00,25.3,25.337109885879883,-0.0371098858798824,0.0371098858798824,0.14667939082957468,25.23407880976763,0.06592119023236975,0.06592119023236975,0.26055806415956423,25.409379075596227,-0.10937907559622673,0.10937907559622673,0.4323283620404218
2025-06-08 08:00:00,25.0,25.051963629898452,-0.05196362989845227,0.05196362989845227,0.20785451959380907,24.985352699851948,0.014647300148052267,0.014647300148052267,0.05858920059220907,25.217094817006483,-0.21709481700648325,0.21709481700648325,0.868379268025933
2025-06-08 09:00:00,24.9,24.944660315705764,-0.044660315705765896,0.044660315705765896,0.17935869761351766,24.9223867292866,-0.022386729286601792,0.022386729286601792,0.08990654331968591,25.176437072541862,-0.27643707254186367,0.27643707254186367,1.110189046352866
2025-06-08 10:00:00,25.3,25.27175730841473,0.028242691585269597,0.028242691585269597,0.11163119203663874,25.42986207126806,-0.12986207126806093,0.12986207126806093,0.5132888192413475,25.414297711714532,-0.1142977117145314,0.1142977117145314,0.4517696115198869
2025-06-08 11:00:00,27.4,27.44271155277817,-0.04271155277817229,0.04271155277817229,0.15588157948238063,27.340482276994152,0.05951772300584679,0.05951772300584679,0.21721796717462336,27.328671860169727,0.0713281398302712,0.0713281398302712,0.2603216782126686
2025-06-08 12:00:00,29.1,29.110917677216683,-0.01091767721668191,0.01091767721668191,0.037517791122618244,29.107997977439656,-0.007997977439654136,0.007997977439654136,0.027484458555512493,28.89431561992423,0.20568438007576972,0.20568438007576972,0.706819175518109
2025-06-08 13:00:00,31.4,31.36934738269235,0.030652617307648455,0.030652617307648455,0.09761980034282948,31.40286159250966,-0.002861592509660227,0.002861592509660227,0.00911335194159308,31.02635042098275,0.37364957901724694,0.37364957901724694,1.1899668121568374
2025-06-08 14:00:00,31.3,31.38118226677542,-0.08118226677541784,0.08118226677541784,0.25936826445820393,31.387423513685167,-0.08742351368516665,0.08742351368516665,0.2793083504318423,31.242643653673753,0.05735634632624809,0.05735634632624809,0.18324711286341241
2025-06-08 15:00:00,32.7,32.48793652882076,0.21206347117924196,0.21206347117924196,0.6485121442790274,32.601485593908905,0.0985144060910983,0.0985144060910983,0.30126729691467363,32.41439131938731,0.2856086806126896,0.2856086806126896,0.8734210416290201
2025-06-08 16:00:00,32.1,32.16462429090157,-0.06462429090156974,0.06462429090156974,0.20132177850956304,32.27386291051354,-0.17386291051354164,0.17386291051354164,0.541629004715083,32.06945281484391,0.03054718515608812,0.03054718515608812,0.09516257057971376
2025-06-08 17:00:00,32.5,32.221535080334064,0.2784649196659359,0.2784649196659359,0.8568151374336488,32.451241345898254,0.0487586541017464,0.0487586541017464,0.15002662800537356,32.18367838473892,0.3163216152610815,0.3163216152610815,0.9732972777264046
2025-06-08 18:00:00,31.1,31.213182648145068,-0.11318264814506662,0.11318264814506662,0.3639313445178991,31.039809862707806,0.0601901372921958,0.0601901372921958,0.1935374189459672,31.109271813806767,-0.009271813806766005,0.009271813806766005,0.0298129061310804
2025-06-08 19:00:00,28.7,28.994016379021524,-0.29401637902152444,0.29401637902152444,1.0244473136638481,28.820057422104043,-0.12005742210404335,0.12005742210404335,0.41831854391652734,29.037319245584097,-0.33731924558409787,0.33731924558409787,1.175328381826125
2025-06-08 20:00:00,28.7,28.839946310036296,-0.1399463100362972,0.1399463100362972,0.4876178050045199,28.72080995072737,-0.02080995072737224,0.02080995072737224,0.0725085391197639,28.731080709014208,-0.031080709014208452,0.031080709014208452,0.10829515335961135
2025-06-08 21:00:00,27.7,27.690289079512134,0.009710920487865593,0.009710920487865593,0.03505747468543536,27.433227777777798,0.2667722222222011,0.2667722222222011,0.9630766145205815,27.731421501122675,-0.03142150112267572,0.03142150112267572,0.11343502210352245
2025-06-08 22:00:00,26.5,26.561286852081533,-0.06128685208153328,0.06128685208153328,0.23127113993031428,26.41075613844216,0.08924386155783992,0.08924386155783992,0.3367692888975091,26.739465319484353,-0.2394653194843528,0.2394653194843528,0.9036427150352935
2025-06-08 23:00:00,26.0,26.264143607473315,-0.264143607473315,0.264143607473315,1.0159369518204424,25.77128941058943,0.22871058941057143,0.22871058941057143,0.8796561131175825,26.619308415145447,-0.6193084151454471,0.6193084151454471,2.3819554428671044
2025-06-09 00:00:00,25.9,26.027552949573366,-0.12755294957336716,0.12755294957336716,0.49248243078520143,25.84339036713108,0.056609632868919846,0.056609632868919846,0.21857001107691063,26.314665458718643,-0.4146654587186447,0.4146654587186447,1.6010249371376244
2025-06-09 01:00:00,25.9,26.099514086728774,-0.1995140867287759,0.1995140867287759,0.770324659184463,25.93824334285614,-0.03824334285614128,0.03824334285614128,0.14765769442525592,26.207747380153364,-0.30774738015336567,0.30774738015336567,1.1882138229859678
2025-06-09 02:00:00,25.5,25.59029387738814,-0.09029387738814165,0.09029387738814165,0.3540936368162418,25.48346730834934,0.01653269165066007,0.01653269165066007,0.0648340849045493,25.700725107742034,-0.20072510774203423,0.20072510774203423,0.7871572852628792
2025-06-09 03:00:00,25.3,25.289931723372337,0.010068276627663408,0.010068276627663408,0.039795559793135996,25.265920259615115,0.03407974038488604,0.03407974038488604,0.13470253116555747,25.39268936197568,-0.09268936197567967,0.09268936197567967,0.3663611145283781
2025-06-09 04:00:00,25.1,25.21580406317085,-0.11580406317084879,0.11580406317084879,0.46137076960497525,25.18538610726302,-0.08538610726301954,0.08538610726301954,0.34018369427497824,25.329353221081984,-0.22935322108198264,0.22935322108198264,0.9137578529162655
2025-06-09 05:00:00,24.9,24.956756769291992,-0.05675676929199369,0.05675676929199369,0.22793883249796662,24.879440801926826,0.020559198073172524,0.020559198073172524,0.08256706053482941,25.128959261357018,-0.22895926135701927,0.22895926135701927,0.919515105851483
2025-06-09 06:00:00,24.8,24.85665050525037,-0.05665050525037074,0.05665050525037074,0.22842945665472073,24.830963513675364,-0.03096351367536343,0.03096351367536343,0.12485287772323964,25.034418782552105,-0.2344187825521047,0.2344187825521047,0.9452370264197769
2025-06-09 07:00:00,24.5,24.467886869830902,0.03211313016909756,0.03211313016909756,0.13107400069019412,24.425985068346154,0.07401493165384565,0.07401493165384565,0.30210176185243126,24.750786401817884,-0.2507864018178836,0.2507864018178836,1.0236179666036065
2025-06-09 08:00:00,24.3,24.263954490545842,0.03604550945415852,0.03604550945415852,0.1483354298525042,24.210562233830714,0.08943776616928645,0.08943776616928645,0.36805665090241335,24.619638201117198,-0.319638201117197,0.319638201117197,1.3153835436921686
2025-06-09 09:00:00,24.3,24.260650712306003,0.039349287693998036,0.039349287693998036,0.16193122507818122,24.212335729382787,0.08766427061721416,0.08766427061721416,0.3607583152971776,24.66597307228701,-0.3659730722870087,0.3659730722870087,1.5060620258724637
2025-06-09 10:00:00,25.0,24.97405908548883,0.025940914511171087,0.025940914511171087,0.10376365804468436,25.07760648251947,-0.07760648251947089,0.07760648251947089,0.31042593007788355,25.207299002276514,-0.207299002276514,0.207299002276514,0.829196009106056
2025-06-09 11:00:00,27.2,27.12749713278707,0.07250286721292909,0.07250286721292909,0.26655465887106283,27.07413523089382,0.1258647691061796,0.1258647691061796,0.4627381217138956,27.071628483920207,0.1283715160797918,0.1283715160797918,0.4719541032345287
2025-06-09 12:00:00,29.3,29.419840393943886,-0.11984039394388546,0.11984039394388546,0.40901158342623023,29.441725255461794,-0.14172525546179315,0.14172525546179315,0.48370394355560803,29.280999823780334,0.019000176219666542,0.019000176219666542,0.06484701781456158
2025-06-09 13:00:00,30.8,30.80266634525064,-0.002666345250638358,0.002666345250638358,0.008656965099475188,30.87375106134919,-0.07375106134918852,0.07375106134918852,0.2394514978869757,30.634919090811973,0.16508090918802765,0.16508090918802765,0.5359769778832066
2025-06-09 14:00:00,32.4,32.20695891804519,0.19304108195481007,0.19304108195481007,0.5958058085025002,32.207373438122076,0.1926265618779226,0.1926265618779226,0.5945264255491438,31.938702836345094,0.4612971636549048,0.4612971636549048,1.423756677947237
2025-06-09 15:00:00,31.1,30.92278725991822,0.17721274008178156,0.17721274008178156,0.5698158845073362,30.89989053088701,0.20010946911299143,0.20010946911299143,0.6434388074372714,31.117491390288883,-0.017491390288881803,0.017491390288881803,0.05624241250444309
2025-06-09 16:00:00,32.3,31.982965345669882,0.317034654330115,0.317034654330115,0.9815314375545358,32.323936639962085,-0.023936639962087725,0.023936639962087725,0.07410724446466788,31.929365683824564,0.3706343161754333,0.3706343161754333,1.1474746630818369
2025-06-09 17:00:00,32.8,32.258893814446026,0.5411061855539714,0.5411061855539714,1.6497139803474739,32.992013285358595,-0.1920132853585983,0.1920132853585983,0.5854063578006047,32.51914937353635,0.28085062646364634,0.28085062646364634,0.8562519099501413
2025-06-09 18:00:00,31.6,31.372229868436253,0.22777013156374792,0.22777013156374792,0.7207915555814807,31.536842354178713,0.06315764582128836,0.06315764582128836,0.1998659677888872,31.51266432938902,0.08733567061098313,0.08733567061098313,0.27637870446513646
2025-06-09 19:00:00,31.7,31.64536561027898,0.05463438972101997,0.05463438972101997,0.1723482325584226,32.009964655281095,-0.30996465528109596,0.30996465528109596,0.9778064835365804,31.464845789859055,0.2351542101409443,0.2351542101409443,0.7418113884572375
2025-06-09 20:00:00,29.5,29.52629019756977,-0.02629019756977158,0.02629019756977158,0.08911931379583586,29.513988893010595,-0.013988893010594694,0.013988893010594694,0.04741997630710066,29.53042782170756,-0.030427821707558422,0.030427821707558422,0.10314515833070653
2025-06-09 21:00:00,28.9,29.013523648499998,-0.1135236484999993,0.1135236484999993,0.3928153927335616,28.80437965104342,0.09562034895657945,0.09562034895657945,0.3308662593653268,29.005439577023726,-0.10543957702372708,0.10543957702372708,0.36484282707172005
2025-06-09 22:00:00,27.6,27.486721805341666,0.113278194658335,0.113278194658335,0.4104282415157065,27.39552996031746,0.20447003968254052,0.20447003968254052,0.740833477110654,27.616449200871166,-0.01644920087116475,0.01644920087116475,0.05959855388103169
2025-06-09 23:00:00,25.6,25.60246835511554,-0.0024683551155391115,0.0024683551155391115,0.009642012170074654,25.507159717080313,0.09284028291968838,0.09284028291968838,0.3626573551550327,26.00191272034356,-0.4019127203435602,0.4019127203435602,1.569971563842032
2025-06-10 00:00:00,25.3,25.4969495294466,-0.1969495294465986,0.1969495294465986,0.7784566381288482,25.458768446031883,-0.1587684460318819,0.1587684460318819,0.6275432649481497,25.80383372508689,-0.5038337250868885,0.5038337250868885,1.9914376485647767
2025-06-10 01:00:00,25.6,25.70055695450002,-0.10055695450001778,0.10055695450001778,0.39280060351569446,25.63288407397413,-0.032884073974127404,0.032884073974127404,0.12845341396143517,25.92661231965979,-0.32661231965978743,0.32661231965978743,1.2758293736710447
2025-06-10 02:00:00,25.8,25.91217024802022,-0.11217024802022024,0.11217024802022024,0.43476840317914817,25.861989583936598,-0.06198958393659737,0.06198958393659737,0.24026970518060994,26.01190489431298,-0.21190489431297976,0.21190489431297976,0.8213367996627122
2025-06-10 03:00:00,25.7,25.933335398982884,-0.23333539898288436,0.23333539898288436,0.9079198404003282,25.856120058323324,-0.15612005832332443,0.15612005832332443,0.6074710440596282,25.977216919044732,-0.2772169190447329,0.2772169190447329,1.0786650546487662
2025-06-10 04:00:00,25.4,25.52630094497929,-0.12630094497929178,0.12630094497929178,0.4972478148791016,25.2980355991231,0.10196440087689851,0.10196440087689851,0.40143464912164767,25.590341966784077,-0.19034196678407866,0.19034196678407866,0.7493778219845617
2025-06-10 05:00:00,25.0,25.039242193209333,-0.039242193209332754,0.039242193209332754,0.15696877283733102,24.979763923289102,0.020236076710897777,0.020236076710897777,0.08094430684359111,25.15760832563877,-0.15760832563876903,0.15760832563876903,0.6304333025550761
2025-06-10 06:00:00,24.9,25.044661960544218,-0.14466196054421943,0.14466196054421943,0.5809717290932507,24.98240883670902,-0.08240883670902122,0.08240883670902122,0.33095918357036636,25.162050506142197,-0.2620505061421987,0.2620505061421987,1.05241167125381
2025-06-10 07:00:00,24.6,24.747250428386756,-0.14725042838675506,0.14725042838675506,0.5985789771819311,24.589508922327663,0.010491077672337923,0.010491077672337923,0.0426466572046257,24.95444683965318,-0.35444683965317836,0.35444683965317836,1.440840811598286
2025-06-10 08:00:00,24.7,24.65655985358202,0.043440146417978553,0.043440146417978553,0.17587103812946783,24.629698266489278,0.07030173351072122,0.07030173351072122,0.28462240287741386,24.899959144534755,-0.1999591445347555,0.1999591445347555,0.8095511924484029
2025-06-10 09:00:00,24.5,24.537877076181726,-0.037877076181725755,0.037877076181725755,0.1546003109458194,24.504924146686648,-0.004924146686647646,0.004924146686647646,0.020098557904684268,24.86786712391925,-0.36786712391925036,0.36786712391925036,1.501498464976532
2025-06-10 10:00:00,25.0,24.953149791298177,0.04685020870182299,0.04685020870182299,0.18740083480729197,25.05667103881344,-0.056671038813441044,0.056671038813441044,0.22668415525376417,25.205569141242876,-0.20556914124287573,0.20556914124287573,0.822276564971503
2025-06-10 11:00:00,26.5,26.671577940874403,-0.17157794087440337,0.17157794087440337,0.6474639278279373,26.677883977077123,-0.17788397707712278,0.17788397707712278,0.6712602908570671,26.73867486662557,-0.23867486662556914,0.23867486662556914,0.9006598740587515
2025-06-10 12:00:00,29.1,29.132798274341773,-0.03279827434177207,0.03279827434177207,0.11270884653529921,28.979389796453514,0.12061020354648733,0.12061020354648733,0.4144680534243551,29.120850306018447,-0.020850306018445508,0.020850306018445508,0.07165053614586085
2025-06-10 13:00:00,30.6,30.633790852369014,-0.03379085236901247,0.03379085236901247,0.11042762212095578,30.762154041033863,-0.16215404103386177,0.16215404103386177,0.5299151667773261,30.68335704574347,-0.08335704574346892,0.08335704574346892,0.27240864622048666
2025-06-10 14:00:00,31.7,31.36419055217686,0.33580944782313793,0.33580944782313793,1.0593357975493312,31.65174137535259,0.04825862464740993,0.04825862464740993,0.15223540898236573,31.548913914143284,0.1510860858567149,0.1510860858567149,0.4766122582230754
2025-06-10 15:00:00,31.8,31.43918910398906,0.3608108960109391,0.3608108960109391,1.1346254591538965,32.22882121684969,-0.42882121684968766,0.42882121684968766,1.3484943926090807,31.783317875159376,0.01668212484062437,0.01668212484062437,0.05245951207743512
2025-06-10 16:00:00,32.5,31.807005518664685,0.6929944813353153,0.6929944813353153,2.13229071180097,32.89907954338714,-0.39907954338713836,0.39907954338713836,1.2279370565758103,32.14856815008152,0.35143184991847676,0.35143184991847676,1.0813287689799285
2025-06-10 17:00:00,31.5,31.132266007880453,0.3677339921195468,0.3677339921195468,1.1674094987922121,31.755024890301673,-0.25502489030167297,0.25502489030167297,0.8096028263545173,31.572940141503253,-0.07294014150325268,0.07294014150325268,0.23155600477223073
2025-06-10 18:00:00,32.9,32.27507879487899,0.6249212051210051,0.6249212051210051,1.8994565505197725,33.134914656180456,-0.23491465618045737,0.23491465618045737,0.7140263105788979,32.53035033150134,0.3696496684986599,0.3696496684986599,1.123555223400182
2025-06-10 19:00:00,32.4,31.958454005110465,0.44154599488953394,0.44154599488953394,1.362796280523253,32.39319515427921,0.006804845720786545,0.006804845720786545,0.02100261024934119,32.01359659725089,0.3864034027491101,0.3864034027491101,1.1926030949046609
2025-06-10 20:00:00,31.2,30.732608659569593,0.46739134043040664,0.46739134043040664,1.4980491680461752,30.92047420496172,0.27952579503827835,0.27952579503827835,0.8959160097380717,30.8260397734567,0.37396022654329997,0.37396022654329997,1.198590469690064
2025-06-10 21:00:00,28.2,28.223790360593068,-0.02379036059306827,0.02379036059306827,0.08436298082648323,28.14247078068989,0.05752921931010846,0.05752921931010846,0.20400432379471087,28.263546711680384,-0.0635467116803845,0.0635467116803845,0.22534294922122167
2025-06-10 22:00:00,27.8,27.97917607391387,-0.1791760739138688,0.1791760739138688,0.6445182514887366,27.86004128371628,-0.0600412837162807,0.0600412837162807,0.2159758407060457,27.989986167296916,-0.1899861672969152,0.1899861672969152,0.6834034794853064
2025-06-10 23:00:00,26.6,26.87505230955974,-0.27505230955974014,0.27505230955974014,1.0340312389463915,26.541072873709822,0.05892712629017893,0.05892712629017893,0.22153054996307867,27.03354122442077,-0.43354122442076815,0.43354122442076815,1.629854227145745
2025-06-11 00:00:00,25.6,25.569385561186124,0.030614438813877598,0.030614438813877598,0.11958765161670937,25.63383106608015,-0.033831066080146854,0.033831066080146854,0.13215260187557365,25.880418647299706,-0.28041864729970456,0.28041864729970456,1.095385341014471
2025-06-11 01:00:00,24.3,24.33921843614193,-0.03921843614192966,0.03921843614192966,0.1613927413248134,24.337414957374516,-0.03741495737451572,0.03741495737451572,0.15397101800212232,24.819495626016106,-0.5194956260161057,0.5194956260161057,2.1378420823708053
2025-06-11 02:00:00,24.2,24.116134582542365,0.0838654174576341,0.0838654174576341,0.34655131180840537,24.099975874535794,0.10002412546420558,0.10002412546420558,0.4133228324967173,24.562754260036332,-0.3627542600363327,0.3627542600363327,1.4989845456046806
2025-06-11 03:00:00,24.2,24.125187438331213,0.0748125616687858,0.0748125616687858,0.30914281681316447,24.09956161379653,0.1004383862034679,0.1004383862034679,0.4150346537333384,24.477943286323363,-0.27794328632336374,0.27794328632336374,1.1485259765428253
2025-06-11 04:00:00,24.2,24.236036000821883,-0.03603600082188407,0.03603600082188407,0.1489090943053061,24.204881079023494,-0.00488107902349455,0.00488107902349455,0.020169748030969218,24.513594208068447,-0.31359420806844795,0.31359420806844795,1.2958438349935866
2025-06-11 05:00:00,24.1,24.157887764262806,-0.057887764262805064,0.057887764262805064,0.24019819196184675,24.098442200346202,0.0015577996537992078,0.0015577996537992078,0.006463898978419949,24.421660823671914,-0.3216608236719125,0.3216608236719125,1.3346922144062758
2025-06-11 06:00:00,24.0,23.963026653065704,0.0369733469342961,0.0369733469342961,0.15405561222623376,24.06281093628291,-0.06281093628291146,0.06281093628291146,0.2617122345121311,24.252653121867123,-0.2526531218671231,0.2526531218671231,1.052721341113013
2025-06-11 07:00:00,23.9,23.87795506990094,0.022044930099060167,0.022044930099060167,0.09223820125129778,23.92269147027652,-0.022691470276519965,0.022691470276519965,0.09494339027832621,24.19787892830682,-0.2978789283068224,0.2978789283068224,1.2463553485641103
2025-06-11 08:00:00,23.8,23.785823373205453,0.014176626794547786,0.014176626794547786,0.059565658800620945,23.835423679398165,-0.035423679398164154,0.035423679398164154,0.14883898906791662,24.156779734302052,-0.35677973430205157,0.35677973430205157,1.4990745138741661
2025-06-11 09:00:00,23.9,23.878387567821864,0.021612432178134355,0.021612432178134355,0.0904285865193906,23.92269147027652,-0.022691470276519965,0.022691470276519965,0.09494339027832621,24.271067284148593,-0.37106728414859447,0.37106728414859447,1.5525827788644122
2025-06-11 10:00:00,24.4,24.216651954959865,0.1833480450401339,0.1833480450401339,0.7514264140989095,24.397568774315275,0.00243122568472387,0.00243122568472387,0.009964039691491271,24.523282916380175,-0.12328291638017674,0.12328291638017674,0.5052578540171178
2025-06-11 11:00:00,26.3,26.21048311387623,0.0895168861237714,0.0895168861237714,0.3403683883033133,26.28083234776245,0.019167652237552346,0.019167652237552346,0.07288080698689105,26.23426729364949,0.06573270635050932,0.06573270635050932,0.24993424467874265
2025-06-11 12:00:00,28.7,28.94826547193726,-0.248265471937259,0.248265471937259,0.8650364875862684,28.745076872037053,-0.04507687203705402,0.04507687203705402,0.15706227190611155,28.78878093177549,-0.08878093177549218,0.08878093177549218,0.309341225698579
2025-06-11 13:00:00,31.1,31.07382649787028,0.026173502129722692,0.026173502129722692,0.0841591708351212,31.055110210830172,0.04488978916982944,0.04488978916982944,0.14434015810234546,30.880708289506615,0.21929171049338692,0.21929171049338692,0.705118040171662
2025-06-11 14:00:00,31.3,31.22374401542128,0.07625598457872229,0.07625598457872229,0.24362934370198816,31.193362240538406,0.10663775946159504,0.10663775946159504,0.3406957171296966,31.26257346603969,0.03742653396031059,0.03742653396031059,0.11957359092750988
2025-06-11 15:00:00,31.4,31.343890949147216,0.056109050852782616,0.056109050852782616,0.17869124475408477,31.403493691390892,-0.0034936913908936162,0.0034936913908936162,0.011126405703482854,31.366385022412164,0.033614977587834716,0.033614977587834716,0.10705406875106598
2025-06-11 16:00:00,32.2,31.998642661963295,0.20135733803670774,0.20135733803670774,0.6253333479400861,32.21683194377172,-0.016831943771720148,0.016831943771720148,0.052273117303478715,32.04187648529907,0.15812351470093233,0.15812351470093233,0.49106681584140477
2025-06-11 17:00:00,32.4,32.28397117771981,0.1160288222801853,0.1160288222801853,0.3581136490129176,32.25008920038296,0.14991079961703946,0.14991079961703946,0.46268765313901067,32.06083498552855,0.33916501447144753,0.33916501447144753,1.0468056002205173
2025-06-11 18:00:00,28.8,28.754068334391405,0.045931665608595296,0.045931665608595296,0.15948495002984478,28.693848376623404,0.10615162337659712,0.10615162337659712,0.3685820256131844,28.727865669440433,0.07213433055956742,0.07213433055956742,0.2504664255540535
2025-06-11 19:00:00,28.4,28.58900376562171,-0.18900376562171317,0.18900376562171317,0.6655062169778633,28.34313409658526,0.05686590341473874,0.05686590341473874,0.20023205427724908,28.61441553673365,-0.2144155367336502,0.2144155367336502,0.7549842842734164
2025-06-11 20:00:00,28.0,28.295057572671737,-0.2950575726717375,0.2950575726717375,1.0537770452562054,27.92305476551228,0.07694523448772017,0.07694523448772017,0.2748044088847149,28.50938833227112,-0.5093883322711186,0.5093883322711186,1.8192440438254236
2025-06-11 21:00:00,26.2,26.20171890277225,-0.0017189027722501748,0.0017189027722501748,0.006560697604008301,26.207037342391114,-0.007037342391114976,0.007037342391114976,0.0268600854622709,26.450064445527097,-0.25006444552709794,0.25006444552709794,0.9544444485767097
2025-06-11 22:00:00,26.4,26.51554608407332,-0.11554608407332267,0.11554608407332267,0.437674560883798,26.375100470061707,0.02489952993829192,0.02489952993829192,0.0943164012814088,26.652364625629765,-0.2523646256297667,0.2523646256297667,0.9559266122339647
2025-06-11 23:00:00,23.6,23.498405286143914,0.10159471385608754,0.10159471385608754,0.4304860756613878,23.578583559891722,0.021416440108279033,0.021416440108279033,0.09074762757745353,23.981623163920123,-0.3816231639201213,0.3816231639201213,1.6170473047462768
2025-06-12 00:00:00,23.6,23.495974798342452,0.10402520165754936,0.10402520165754936,0.44078475278622614,23.54966229372332,0.050337706276682326,0.050337706276682326,0.2132953655791624,24.105214695310192,-0.5052146953101904,0.5052146953101904,2.1407402343652135
2025-06-12 01:00:00,23.7,23.72788010164639,-0.02788010164639232,0.02788010164639232,0.11763755968941907,23.71073281559421,-0.01073281559420991,0.01073281559420991,0.045286141747721144,24.2658397190652,-0.5658397190652025,0.5658397190652025,2.3875093631443143
2025-06-12 02:00:00,23.7,23.728335869541702,-0.028335869541702863,0.028335869541702863,0.11956063097764921,23.71028281559421,-0.010282815594209183,0.010282815594209183,0.043387407570502884,24.21269450238774,-0.5126945023877418,0.5126945023877418,2.1632679425643118
2025-06-12 03:00:00,23.9,23.715836885972333,0.1841631140276654,0.1841631140276654,0.770556962458851,23.836080209607754,0.06391979039224438,0.06391979039224438,0.26744682172487194,24.10311037634883,-0.20311037634883178,0.20311037634883178,0.8498342106645681
2025-06-12 04:00:00,23.8,23.84335106832055,-0.04335106832055047,0.04335106832055047,0.18214734588466583,23.833813600052295,-0.03381360005229439,0.03381360005229439,0.14207394979955626,24.146897051490125,-0.3468970514901244,0.3468970514901244,1.4575506365131277
2025-06-12 05:00:00,23.9,24.04747025969834,-0.14747025969834127,0.14747025969834127,0.6170303753068673,23.992139100977106,-0.09213910097710709,0.09213910097710709,0.3855192509502389,24.27642211013536,-0.376422110135362,0.376422110135362,1.574987908516159
2025-06-12 06:00:00,23.9,23.85154783078468,0.04845216921532014,0.04845216921532014,0.20272874148669515,23.916064189713946,-0.01606418971394774,0.01606418971394774,0.06721418290354704,24.10949412145003,-0.20949412145003166,0.20949412145003166,0.8765444412135216
2025-06-12 07:00:00,24.0,24.06442384956356,-0.06442384956356051,0.06442384956356051,0.2684327065148354,23.98870553107478,0.011294468925221679,0.011294468925221679,0.04706028718842366,24.27058274046332,-0.2705827404633183,0.2705827404633183,1.1274280852638263
2025-06-12 08:00:00,23.9,23.770941087656865,0.12905891234313316,0.12905891234313316,0.5399954491344483,23.828886492937958,0.07111350706204078,0.07111350706204078,0.29754605465289036,24.071000675799517,-0.17100067579951883,0.17100067579951883,0.7154839991611668
2025-06-12 09:00:00,23.9,23.859388785407834,0.04061121459216466,0.04061121459216466,0.16992139996721614,23.912998363383416,-0.0129983633834172,0.0129983633834172,0.05438645767120167,24.186426942617622,-0.2864269426176236,0.2864269426176236,1.198439090450308
2025-06-12 10:00:00,24.4,24.10322795724109,0.29677204275891,0.29677204275891,1.2162788637660247,24.304695667717006,0.09530433228299273,0.09530433228299273,0.39059152574997025,24.356348996699875,0.04365100330012339,0.04365100330012339,0.17889755450870243
2025-06-12 11:00:00,25.8,25.6927903161313,0.10720968386869956,0.10720968386869956,0.4155414103437967,25.69848072431948,0.10151927568051988,0.10151927568051988,0.3934855646531778,25.688279396385884,0.11172060361411695,0.11172060361411695,0.43302559540355406
2025-06-12 12:00:00,27.6,27.715978997832416,-0.11597899783241417,0.11597899783241417,0.4202137602623702,27.443486713030133,0.15651328696986866,0.15651328696986866,0.5670771267024226,27.545490406403857,0.05450959359614416,0.05450959359614416,0.1974985275222614
2025-06-12 13:00:00,28.7,28.86620159726442,-0.16620159726442196,0.16620159726442196,0.5790996420363135,28.65880956786181,0.0411904321381904,0.0411904321381904,0.1435206694710467,28.65983006354199,0.04016993645801037,0.04016993645801037,0.13996493539376434
2025-06-12 14:00:00,31.7,31.645822300772302,0.05417769922769722,0.05417769922769722,0.1709075685416316,31.695065207015187,0.004934792984812475,0.004934792984812475,0.015567170299092981,31.2517249786695,0.4482750213304989,0.4482750213304989,1.4141167865315423
2025-06-12 15:00:00,31.0,31.04902194083281,-0.04902194083280875,0.04902194083280875,0.15813529300906048,30.948024737335107,0.05197526266489305,0.05197526266489305,0.16766213762868726,30.985043011740593,0.0149569882594065,0.0149569882594065,0.048248349223891936
2025-06-12 16:00:00,28.6,28.65210190202114,-0.05210190202113907,0.05210190202113907,0.18217448259139532,28.524739563214585,0.07526043678541683,0.07526043678541683,0.2631483803685903,28.436081470676243,0.16391852932375883,0.16391852932375883,0.5731417109222336
2025-06-12 17:00:00,27.3,27.17714588151938,0.12285411848062111,0.12285411848062111,0.45001508600960116,27.52644604912631,-0.2264460491263094,0.2264460491263094,0.8294727074223787,27.11402187955344,0.1859781204465598,0.1859781204465598,0.681238536434285
2025-06-12 18:00:00,24.7,24.779310074937968,-0.07931007493796827,0.07931007493796827,0.32109342080149095,24.735549059658783,-0.03554905965878419,0.03554905965878419,0.14392331845661616,24.965953060956615,-0.2659530609566154,0.2659530609566154,1.0767330403101838
2025-06-12 19:00:00,27.1,27.196083964030958,-0.09608396403095654,0.09608396403095654,0.3545533728079577,27.198722408413303,-0.09872240841330182,0.09872240841330182,0.3642893299383831,27.1793488115829,-0.07934881158289997,0.07934881158289997,0.29280004274132826
2025-06-12 20:00:00,27.2,27.31592237077417,-0.11592237077417167,0.11592237077417167,0.42618518666974875,27.244303351446867,-0.04430335144686737,0.04430335144686737,0.16287996855465944,27.280203562489906,-0.08020356248990623,0.08020356248990623,0.29486603856583177
2025-06-12 21:00:00,26.8,26.76047276247927,0.03952723752072984,0.03952723752072984,0.14748969224152925,26.806534351896058,-0.006534351896057444,0.006534351896057444,0.024381910059915836,26.73479629508831,0.06520370491169203,0.06520370491169203,0.24329740638691055
2025-06-12 22:00:00,26.1,26.14099386018625,-0.040993860186247844,0.040993860186247844,0.15706459841474268,26.128685208209312,-0.02868520820931053,0.02868520820931053,0.10990501229620891,26.170031083696532,-0.07003108369653077,0.07003108369653077,0.26831832833919833
2025-06-12 23:00:00,25.6,25.77815107046665,-0.17815107046664735,0.17815107046664735,0.6959026190103412,25.740044181705127,-0.14004418170512523,0.14004418170512523,0.5470475847856454,25.903761576852833,-0.3037615768528319,0.3037615768528319,1.1865686595813747
2025-06-13 00:00:00,25.1,25.14737971944115,-0.047379719441149604,0.047379719441149604,0.1887638224746996,25.208472343474412,-0.10847234347441059,0.10847234347441059,0.43216073097374735,25.366251543939867,-0.26625154393986605,0.26625154393986605,1.0607631232663985
2025-06-13 01:00:00,25.0,25.057773922648334,-0.05777392264833381,0.05777392264833381,0.23109569059333526,25.070491508895525,-0.07049150889552536,0.07049150889552536,0.2819660355821014,25.231210340903452,-0.23121034090345205,0.23121034090345205,0.9248413636138082
2025-06-13 02:00:00,25.2,25.386733143601408,-0.18673314360140836,0.18673314360140836,0.7410045381008268,25.29897085385376,-0.09897085385376059,0.09897085385376059,0.39274148354666905,25.399210847233842,-0.19921084723384297,0.19921084723384297,0.7905192350549324
2025-06-13 03:00:00,24.1,24.085080943589112,0.014919056410889198,0.014919056410889198,0.06190479838543235,24.119833500303866,-0.019833500303864326,0.019833500303864326,0.08229668175877312,24.301940677971597,-0.20194067797159576,0.20194067797159576,0.8379281243634679
2025-06-13 04:00:00,23.8,23.738546298494917,0.06145370150508356,0.06145370150508356,0.25820882985329224,23.712618623676093,0.08738137632390774,0.08738137632390774,0.36714864001641906,23.99568008835445,-0.19568008835445028,0.19568008835445028,0.8221852451867658
2025-06-13 05:00:00,23.8,23.87463010154995,-0.07463010154994976,0.07463010154994976,0.31357185525188974,23.832362251377287,-0.0323622513772861,0.0323622513772861,0.13597584612305083,24.050259108009662,-0.25025910800966145,0.25025910800966145,1.0515088571834514
2025-06-13 06:00:00,24.1,24.038629496189465,0.06137050381053655,0.06137050381053655,0.25464939340471593,24.12233187294635,-0.022331872946349307,0.022331872946349307,0.0926633732213664,24.166607079652124,-0.06660707965212254,0.06660707965212254,0.2763779238677283
2025-06-13 07:00:00,24.0,23.93081044036588,0.06918955963411832,0.06918955963411832,0.2882898318088264,24.039375729096797,-0.039375729096796874,0.039375729096796874,0.1640655379033203,24.153342277466702,-0.15334227746670237,0.15334227746670237,0.6389261561112598
2025-06-13 08:00:00,24.0,23.94057224687033,0.059427753129668304,0.059427753129668304,0.2476156380402846,24.039282591841893,-0.03928259184189287,0.03928259184189287,0.16367746600788696,24.182345303517746,-0.1823453035177458,0.1823453035177458,0.7597720979906075
2025-06-13 09:00:00,23.7,23.665848340360988,0.034151659639011456,0.034151659639011456,0.1440998297004703,23.705121591690602,-0.005121591690603111,0.005121591690603111,0.021610091521532114,24.047507041507558,-0.3475070415075585,0.3475070415075585,1.4662744367407534
2025-06-13 10:00:00,23.8,23.721922918846055,0.07807708115394618,0.07807708115394618,0.32805496283170665,23.88640884455201,-0.08640884455201103,0.08640884455201103,0.3630623720672732,24.089773815083568,-0.28977381508356714,0.28977381508356714,1.2175370381662485
2025-06-13 11:00:00,24.3,24.2477096821509,0.05229031784909921,0.05229031784909921,0.2151864932061696,24.29412636249135,0.005873637508649665,0.005873637508649665,0.024171347772220842,24.580452630947004,-0.28045263094700346,0.28045263094700346,1.1541260532798496
2025-06-13 12:00:00,27.0,27.148697665531067,-0.148697665531067,0.148697665531067,0.5507320945595074,26.964506320000023,0.03549367999997699,0.03549367999997699,0.13145807407398885,27.118750097779035,-0.118750097779035,0.118750097779035,0.4398151769593889
2025-06-13 13:00:00,27.8,27.96674913836263,-0.16674913836262917,0.16674913836262917,0.5998170444698891,27.809033003679318,-0.00903300367931692,0.00903300367931692,0.03249281899034863,27.89389504997022,-0.09389504997021803,0.09389504997021803,0.3377519783101368
2025-06-13 14:00:00,29.8,30.021470075894744,-0.221470075894743,0.221470075894743,0.7431881741434329,29.835745469915356,-0.03574546991535499,0.03574546991535499,0.11995124132669459,29.781892767430048,0.01810723256995317,0.01810723256995317,0.06076252540252741
2025-06-13 15:00:00,28.9,29.074800587979954,-0.17480058797995568,0.17480058797995568,0.6048463251901581,28.946369465869115,-0.046369465869116056,0.046369465869116056,0.16044797878586872,28.956943929346018,-0.05694392934601922,0.05694392934601922,0.1970378178062949
2025-06-13 16:00:00,29.9,30.053651547119376,-0.15365154711937734,0.15365154711937734,0.5138847729745062,29.86219467599393,0.03780532400606873,0.03780532400606873,0.12643921072263792,29.949932107165427,-0.04993210716542862,0.04993210716542862,0.1669970139311994
2025-06-13 17:00:00,31.2,31.117580514382727,0.08241948561727241,0.08241948561727241,0.2641650180040782,31.04795239503486,0.1520476049651407,0.1520476049651407,0.4873320671959638,30.89562787617761,0.30437212382238954,0.30437212382238954,0.9755516789179152
2025-06-13 18:00:00,29.6,29.644924249802457,-0.04492424980245602,0.04492424980245602,0.15177111419748654,29.531130976513797,0.06886902348620438,0.06886902348620438,0.23266561988582563,29.529683227930494,0.07031677206950704,0.07031677206950704,0.23755666239698323
2025-06-13 19:00:00,25.2,25.110086498036807,0.08991350196319203,0.08991350196319203,0.35679961096504775,25.208274881814447,-0.008274881814447355,0.008274881814447355,0.03283683259701332,25.294411137621793,-0.09441113762179398,0.09441113762179398,0.3746473715150555
2025-06-13 20:00:00,25.3,25.263063132079733,0.03693686792026796,0.03693686792026796,0.1459955253765532,25.375810581844007,-0.07581058184400646,0.07581058184400646,0.29964656855338523,25.420671969805287,-0.1206719698052865,0.1206719698052865,0.4769643075307767
2025-06-13 21:00:00,25.1,24.878552394653262,0.22144760534673935,0.22144760534673935,0.8822613758834237,25.107482022508954,-0.007482022508952468,0.007482022508952468,0.02980885461734051,25.14071723565995,-0.04071723565994745,0.04071723565994745,0.16222006239022888
2025-06-13 22:00:00,24.8,24.707986444595655,0.09201355540434619,0.09201355540434619,0.3710224008239766,24.938839184429735,-0.13883918442973453,0.13883918442973453,0.5598354210876393,24.932415766442112,-0.1324157664421115,0.1324157664421115,0.5339345421052883
2025-06-13 23:00:00,24.6,24.585276624829334,0.014723375170667907,0.014723375170667907,0.05985111857995084,24.62298877456911,-0.022988774569107306,0.022988774569107306,0.09345030312645246,24.875233149979426,-0.2752331499794245,0.2752331499794245,1.1188339430057905
2025-06-14 00:00:00,24.4,24.240248405553654,0.15975159444634457,0.15975159444634457,0.6547196493702646,24.29511732098566,0.10488267901433801,0.10488267901433801,0.4298470451407296,24.668475583830517,-0.2684755838305186,0.2684755838305186,1.1003097697972075
2025-06-14 01:00:00,24.4,24.320437962954973,0.07956203704502585,0.07956203704502585,0.3260739223156797,24.425790185087525,-0.025790185087526396,0.025790185087526396,0.10569747986691146,24.630793254050197,-0.23079325405019802,0.23079325405019802,0.9458739920090083
2025-06-14 02:00:00,24.1,23.99018850075419,0.10981149924581146,0.10981149924581146,0.45564937446394793,24.132945439794113,-0.03294543979411202,0.03294543979411202,0.13670306968511212,24.365505269237676,-0.2655052692376749,0.2655052692376749,1.1016816150940867
2025-06-14 03:00:00,23.4,23.380549390933155,0.019450609066844038,0.019450609066844038,0.08312226096941898,23.45742213966902,-0.05742213966902199,0.05742213966902199,0.24539375926932475,23.819290679288237,-0.41929067928823827,0.41929067928823827,1.791840509778796
2025-06-14 04:00:00,23.1,23.027678686009022,0.07232131399097952,0.07232131399097952,0.31307928134623164,23.063883273445995,0.03611672655400611,0.03611672655400611,0.15634946560175803,23.542002009725888,-0.4420020097258863,0.4420020097258863,1.9134286135319751
2025-06-14 05:00:00,23.1,23.14554031677139,-0.04554031677138681,0.04554031677138681,0.19714422844756196,23.133707775794928,-0.033707775794926675,0.033707775794926675,0.1459211073373449,23.599862324543935,-0.4998623245439333,0.4998623245439333,2.163906166856854
2025-06-14 06:00:00,23.2,23.27176543642777,-0.07176543642777133,0.07176543642777133,0.3093337777059109,23.20899700498659,-0.00899700498658973,0.00899700498658973,0.03878019390771435,23.676329499763973,-0.476329499763974,0.476329499763974,2.0531443955343707
2025-06-14 07:00:00,23.3,23.473467298830695,-0.173467298830694,0.173467298830694,0.7444948447669271,23.36457612075854,-0.06457612075853802,0.06457612075853802,0.2771507328692619,23.819051887818496,-0.5190518878184953,0.5190518878184953,2.2276905056587784
2025-06-14 08:00:00,23.4,23.264434602878055,0.13556539712194393,0.13556539712194393,0.5793393039399314,23.318873792530404,0.08112620746959465,0.08112620746959465,0.34669319431450707,23.682354440303204,-0.2823544403032052,0.2823544403032052,1.2066429072786549
2025-06-14 09:00:00,23.4,23.45802358857941,-0.05802358857941314,0.05802358857941314,0.24796405375817587,23.47442514717975,-0.07442514717975257,0.07442514717975257,0.31805618452885714,23.866872599341654,-0.4668725993416558,0.4668725993416558,1.9951820484686147
2025-06-14 10:00:00,23.6,23.5169873046963,0.08301269530370092,0.08301269530370092,0.3517487089139869,23.703822713485476,-0.10382271348547434,0.10382271348547434,0.4399267520570947,23.916860051992693,-0.3168600519926912,0.3168600519926912,1.3426273389520813
2025-06-14 11:00:00,24.4,24.304041999114098,0.09595800088590067,0.09595800088590067,0.39327049543401915,24.415041816956386,-0.015041816956387066,0.015041816956387066,0.06164679080486503,24.607052027988868,-0.20705202798886901,0.20705202798886901,0.8485738852002829
2025-06-14 12:00:00,26.2,26.27105515826498,-0.07105515826497921,0.07105515826497921,0.271202894141142,26.3688421652798,-0.168842165279802,0.168842165279802,0.6444357453427557,26.26148652794787,-0.061486527947870684,0.061486527947870684,0.23468140438118582
2025-06-14 13:00:00,28.4,28.673175798051986,-0.27317579805198733,0.27317579805198733,0.9618866128591104,28.494335928846052,-0.09433592884605346,0.09433592884605346,0.3321687635424418,28.488908736363665,-0.08890873636366692,0.08890873636366692,0.3130589308579821
2025-06-14 14:00:00,30.3,30.368316283540555,-0.06831628354055397,0.06831628354055397,0.2254662823120593,30.298031912611428,0.0019680873885725703,0.0019680873885725703,0.00649533791608109,30.165269789396064,0.1347302106039372,0.1347302106039372,0.4446541604090336
2025-06-14 15:00:00,31.2,31.150382908655686,0.049617091344313025,0.049617091344313025,0.15902913892408022,31.26674665147857,-0.06674665147857084,0.06674665147857084,0.2139315752518296,31.052475940141704,0.14752405985829498,0.14752405985829498,0.4728335251868429
2025-06-14 16:00:00,30.8,30.723846754304716,0.07615324569528426,0.07615324569528426,0.24725079771196187,30.864603980676865,-0.06460398067686413,0.06460398067686413,0.2097531840157926,30.69916366739657,0.10083633260343206,0.10083633260343206,0.3273906902708833
2025-06-14 17:00:00,32.4,32.13004957386553,0.2699504261344714,0.2699504261344714,0.8331803275755291,32.16377954311769,0.23622045688230742,0.23622045688230742,0.7290754842046525,31.857871451967444,0.5421285480325544,0.5421285480325544,1.6732362593597359
2025-06-14 18:00:00,32.3,31.857797357530647,0.4422026424693506,0.4422026424693506,1.3690484286976798,32.29992786774772,7.213225227786779e-05,7.213225227786779e-05,0.00022331966649494675,31.891157090882388,0.40884290911760957,0.40884290911760957,1.2657675204879555
2025-06-14 19:00:00,32.0,31.47607077486193,0.5239292251380689,0.5239292251380689,1.6372788285564654,32.188265576335425,-0.18826557633542507,0.18826557633542507,0.5883299260482033,31.46870274702,0.53129725298,0.53129725298,1.6603039155625
2025-06-14 20:00:00,31.3,31.05857530686108,0.2414246931389208,0.2414246931389208,0.7713248982074147,31.183764412839526,0.11623558716047455,0.11623558716047455,0.3713597033880976,30.916496815104402,0.38350318489559854,0.38350318489559854,1.2252497919987173
2025-06-14 21:00:00,29.1,28.991310238947023,0.1086897610529789,0.1086897610529789,0.37350433351539136,29.024067272311022,0.07593272768897918,0.07593272768897918,0.260937208553193,28.84875880061775,0.25124119938224965,0.25124119938224965,0.8633718191829884
2025-06-14 22:00:00,28.0,27.996218132283072,0.003781867716927678,0.003781867716927678,0.01350667041759885,27.802802579365085,0.19719742063491452,0.19719742063491452,0.7042765022675519,27.952163455183932,0.04783654481606803,0.04783654481606803,0.17084480291452867
2025-06-14 23:00:00,24.1,24.17650727231946,-0.07650727231945709,0.07650727231945709,0.31745756149152315,23.89424448051948,0.2057555194805225,0.2057555194805225,0.853757342242832,24.72242056338049,-0.6224205633804871,0.6224205633804871,2.582657939338121
2025-06-15 00:00:00,24.3,24.25875480641388,0.04124519358612133,0.04124519358612133,0.1697333069387709,24.35554375427205,-0.05554375427204761,0.05554375427204761,0.22857512046110126,24.78416431238135,-0.48416431238134905,0.48416431238134905,1.9924457299643994
2025-06-15 01:00:00,24.4,24.48662290844782,-0.08662290844782206,0.08662290844782206,0.3550119198681232,24.4706825066381,-0.07068250663810005,0.07068250663810005,0.2896824042545084,24.942475541479222,-0.5424755414792237,0.5424755414792237,2.2232604158984577
2025-06-15 02:00:00,24.7,24.653565336820197,0.04643466317980227,0.04643466317980227,0.18799458777247882,24.705357457626146,-0.005357457626146811,0.005357457626146811,0.02169011184674822,24.96830069769598,-0.26830069769598097,0.26830069769598097,1.08623764249385
2025-06-15 03:00:00,24.6,24.479537524617886,0.12046247538211574,0.12046247538211574,0.48968485927689326,24.509246373041883,0.09075362695811862,0.09075362695811862,0.36891718275657975,24.790790892226646,-0.19079089222664436,0.19079089222664436,0.7755727326286356
2025-06-15 04:00:00,24.5,24.498136752223598,0.0018632477764022326,0.0018632477764022326,0.007605092964907072,24.512017176875723,-0.012017176875723123,0.012017176875723123,0.04904970153356377,24.726611191012708,-0.226611191012708,0.226611191012708,0.9249436367865632
2025-06-15 05:00:00,24.4,24.39397726000086,0.0060227399991390485,0.0060227399991390485,0.024683360652209215,24.46268776431902,-0.06268776431902268,0.06268776431902268,0.2569170668812405,24.633004706076505,-0.2330047060765068,0.2330047060765068,0.9549373199856838
2025-06-15 06:00:00,24.3,24.259172011368133,0.040827988631868095,0.040827988631868095,0.168016414122914,24.123177955569105,0.17682204443089589,0.17682204443089589,0.7276627342835221,24.512462006784105,-0.21246200678410432,0.21246200678410432,0.8743292460251206
2025-06-15 07:00:00,24.5,24.64703006195097,-0.14703006195097146,0.14703006195097146,0.6001227018406998,24.587464879687314,-0.08746487968731387,0.08746487968731387,0.3569995089278117,24.839715892561287,-0.3397158925612871,0.3397158925612871,1.3865954798419882
2025-06-15 08:00:00,24.3,24.586425769916996,-0.2864257699169954,0.2864257699169954,1.178706872086401,24.575135712163664,-0.2751357121636637,0.2751357121636637,1.132245729068575,24.87486173968292,-0.5748617396829196,0.5748617396829196,2.365686171534649
2025-06-15 09:00:00,24.4,24.482948505066464,-0.08294850506646512,0.08294850506646512,0.3399528896166603,24.515029422763774,-0.11502942276377581,0.11502942276377581,0.47143206050727793,24.81814797605651,-0.41814797605650966,0.41814797605650966,1.7137212133463513
2025-06-15 10:00:00,24.7,24.709604547342813,-0.00960454734281413,0.00960454734281413,0.038884807055927645,24.75178763077305,-0.051787630773052484,0.051787630773052484,0.20966652134839064,24.985574557884185,-0.2855745578841855,0.2855745578841855,1.1561722991262573
2025-06-15 11:00:00,26.3,26.38587862140558,-0.08587862140558045,0.08587862140558045,0.32653468215049597,26.466346291662212,-0.1663462916622116,0.1663462916622116,0.6324954055597399,26.463389236519056,-0.16338923651905546,0.16338923651905546,0.6212518498823402
2025-06-15 12:00:00,28.6,28.659016932139547,-0.05901693213954573,0.05901693213954573,0.20635290957883123,28.47475534812411,0.1252446518758923,0.1252446518758923,0.43791836320242056,28.626804606312085,-0.02680460631208348,0.02680460631208348,0.09372239969259957
2025-06-15 13:00:00,30.1,30.212239774812357,-0.11223977481235536,0.11223977481235536,0.3728896173167952,30.3914986602278,-0.29149866022779847,0.29149866022779847,0.968434087135543,30.16617513289225,-0.06617513289224775,0.06617513289224775,0.2198509398413546
2025-06-15 14:00:00,29.6,29.680761420641208,-0.08076142064120617,0.08076142064120617,0.2728426373013722,29.744192286879795,-0.14419228687979313,0.14419228687979313,0.4871361043236254,29.804042758593045,-0.20404275859304377,0.20404275859304377,0.6893336438954181
2025-06-15 15:00:00,30.8,30.754985012530163,0.045014987469837564,0.045014987469837564,0.14615255672025182,30.82257158199037,-0.022571581990369793,0.022571581990369793,0.07328435711159023,30.870301715018858,-0.07030171501885718,0.07030171501885718,0.22825232148979605
2025-06-15 16:00:00,30.3,30.40707937917464,-0.10707937917463894,0.10707937917463894,0.35339729100540906,30.379748724498675,-0.07974872449867476,0.07974872449867476,0.2631971105566824,30.620584772211743,-0.32058477221174186,0.32058477221174186,1.0580355518539335
2025-06-15 17:00:00,31.9,31.884373706990154,0.01562629300984497,0.01562629300984497,0.04898524454496857,32.01607136091162,-0.11607136091161863,0.11607136091161863,0.3638600655536634,31.94972785763899,-0.04972785763899168,0.04972785763899168,0.15588670106266986
2025-06-15 18:00:00,31.7,31.36555573980203,0.33444426019796936,0.33444426019796936,1.0550292119809759,31.65531662371533,0.04468337628467012,0.04468337628467012,0.1409570229800319,31.459881346485286,0.2401186535147133,0.2401186535147133,0.7574720931063511
2025-06-15 19:00:00,31.7,31.27895676556638,0.42104323443361835,0.42104323443361835,1.3282120960051051,31.92866340471212,-0.228663404712119,0.228663404712119,0.7213356615524259,31.345078353420572,0.3549216465794274,0.3549216465794274,1.1196266453609696
2025-06-15 20:00:00,31.0,30.676418963757264,0.3235810362427358,0.3235810362427358,1.043809794331406,30.6615393037518,0.33846069624820174,0.33846069624820174,1.0918086975748442,30.665286984127942,0.33471301587205815,0.33471301587205815,1.0797194060388973
2025-06-15 21:00:00,29.8,29.651382325059135,0.14861767494086564,0.14861767494086564,0.49871703000290485,29.684491853408023,0.11550814659197783,0.11550814659197783,0.3876112301744223,29.555439966537623,0.24456003346237765,0.24456003346237765,0.8206712532294552
2025-06-15 22:00:00,28.9,28.93986057375481,-0.03986057375481167,0.03986057375481167,0.13792586074329297,28.927418587662295,-0.027418587662296545,0.027418587662296545,0.09487400575189116,28.66259792756322,0.23740207243677958,0.23740207243677958,0.8214604582587529
2025-06-15 23:00:00,28.0,28.258334219948186,-0.2583342199481855,0.2583342199481855,0.9226222141006626,28.037731461593967,-0.03773146159396745,0.03773146159396745,0.1347552199784552,28.11347806506309,-0.11347806506309155,0.11347806506309155,0.4052788037967555
2025-06-16 00:00:00,27.4,27.551430982887176,-0.15143098288717738,0.15143098288717738,0.5526678207561219,27.46000033981326,-0.060000339813260695,0.060000339813260695,0.21897934238416314,27.47994069871762,-0.07994069871762122,0.07994069871762122,0.29175437488182926
2025-06-16 01:00:00,26.7,26.858534962379192,-0.15853496237919273,0.15853496237919273,0.5937639040419204,26.61329010123918,0.08670989876081947,0.08670989876081947,0.32475617513415533,26.88280841507879,-0.1828084150787923,0.1828084150787923,0.6846757119055892
2025-06-16 02:00:00,26.1,26.16907466765415,-0.06907466765414938,0.06907466765414938,0.2646538990580436,26.130627974879072,-0.030627974879070763,0.030627974879070763,0.11734856275506039,26.267170884152655,-0.1671708841526538,0.1671708841526538,0.6405014718492482
2025-06-16 03:00:00,25.4,25.333374849267354,0.0666251507326443,0.0666251507326443,0.26230374304190673,25.43665273192151,-0.036652731921510195,0.036652731921510195,0.144302094179174,25.488038278095477,-0.08803827809547826,0.08803827809547826,0.34660739407668606
2025-06-16 04:00:00,25.3,25.322484885183805,-0.022484885183803982,0.022484885183803982,0.08887306396760468,25.413242200345227,-0.11324220034522625,0.11324220034522625,0.44759762982302864,25.45464378691439,-0.15464378691438796,0.15464378691438796,0.6112402644837468
2025-06-16 05:00:00,25.0,24.946155461754483,0.05384453824551727,0.05384453824551727,0.21537815298206908,24.982961345328086,0.017038654671914344,0.017038654671914344,0.06815461868765738,25.129267217306094,-0.12926721730609358,0.12926721730609358,0.5170688692243743
2025-06-16 06:00:00,24.8,24.674106819854266,0.12589318014573436,0.12589318014573436,0.5076337909102192,24.710107887456047,0.08989211254395357,0.08989211254395357,0.36246819574174827,24.920944516721978,-0.12094451672197692,0.12094451672197692,0.4876795029111973
2025-06-16 07:00:00,24.7,24.772852951733185,-0.07285295173318573,0.07285295173318573,0.29495122159184506,24.813179619097717,-0.11317961909771768,0.11317961909771768,0.458217081367278,25.018657659412817,-0.31865765941281765,0.31865765941281765,1.2901119814284117
2025-06-16 08:00:00,24.7,24.697028890799345,0.002971109200654354,0.002971109200654354,0.012028782188884023,24.72476649416709,-0.024766494167089093,0.024766494167089093,0.10026920715420687,25.01211462317598,-0.3121146231759795,0.3121146231759795,1.2636219561780546
2025-06-16 09:00:00,24.5,24.592752859606563,-0.09275285960656277,0.09275285960656277,0.3785831004349501,24.549773113509296,-0.04977311350929625,0.04977311350929625,0.20315556534406637,25.011670531535,-0.5116705315349996,0.5116705315349996,2.088451149122448
2025-06-16 10:00:00,24.7,24.670331268278822,0.02966873172117701,0.02966873172117701,0.12011632275780167,24.758326620949543,-0.05832662094954344,0.05832662094954344,0.23614016578762526,25.086098641947252,-0.3860986419472532,0.3860986419472532,1.563152396547584
2025-06-16 11:00:00,25.6,25.583250034544083,0.01674996545591867,0.01674996545591867,0.0654295525621823,25.574850747772768,0.02514925222723363,0.02514925222723363,0.09823926651263137,25.933167602690645,-0.3331676026906436,0.3331676026906436,1.3014359480103266
2025-06-16 12:00:00,27.6,27.85265515736773,-0.25265515736773025,0.25265515736773025,0.9154172368396022,27.63422330808082,-0.034223308080818526,0.034223308080818526,0.12399749304644392,28.08946904830669,-0.48946904830668814,0.48946904830668814,1.7734385808213338
2025-06-16 13:00:00,30.1,30.13390975334915,-0.033909753349149696,0.033909753349149696,0.11265698787092922,30.3675465090465,-0.26754650904650035,0.26754650904650035,0.8888588340415294,30.063703077228134,0.03629692277186791,0.03629692277186791,0.12058778329524222
2025-06-16 14:00:00,29.6,29.623155734279322,-0.02315573427932094,0.02315573427932094,0.0782288320247329,29.61394234237985,-0.013942342379849038,0.013942342379849038,0.04710250804003053,29.875218359648194,-0.27521835964819275,0.27521835964819275,0.9297917555682187
2025-06-16 15:00:00,30.5,30.659114394789057,-0.1591143947890572,0.1591143947890572,0.5216865402919909,30.76388967647263,-0.26388967647262973,0.26388967647262973,0.8652120540086221,30.614148954715695,-0.11414895471569508,0.11414895471569508,0.37425886792031177
2025-06-16 16:00:00,30.9,30.766918749930763,0.13308125006923532,0.13308125006923532,0.4306836571819914,31.01448528248321,-0.1144852824832121,0.1144852824832121,0.3705025323081298,30.804125723226868,0.09587427677313087,0.09587427677313087,0.31027274036611935
2025-06-16 17:00:00,30.8,30.63404551891507,0.16595448108493116,0.16595448108493116,0.5388132502757506,30.935219136784276,-0.13521913678427566,0.13521913678427566,0.43902317137751834,30.667947002782824,0.13205299721717623,0.13205299721717623,0.4287434974583644
2025-06-16 18:00:00,31.2,30.927605971312975,0.27239402868702456,0.27239402868702456,0.8730577842532838,31.347685000763125,-0.14768500076312563,0.14768500076312563,0.47334936142027445,30.982976420529887,0.21702357947011208,0.21702357947011208,0.6955883957375387
2025-06-16 19:00:00,30.1,30.0692365235609,0.030763476439101822,0.030763476439101822,0.10220424066146785,30.287216591170253,-0.1872165911702517,0.1872165911702517,0.6219820304659525,30.12289633637306,-0.022896336373058546,0.022896336373058546,0.07606756270119117
2025-06-16 20:00:00,29.5,29.427636649975483,0.0723633500245171,0.0723633500245171,0.24529949160853257,29.33651110137002,0.1634888986299785,0.1634888986299785,0.5541996563728084,29.346264033679137,0.15373596632086262,0.15373596632086262,0.5211388688842801
2025-06-16 21:00:00,28.1,28.055539820486327,0.04446017951367409,0.04446017951367409,0.15822127940809286,27.777450978327234,0.3225490216727671,0.3225490216727671,1.1478612870916978,28.26791519360417,-0.16791519360416984,0.16791519360416984,0.597562966562882
2025-06-16 22:00:00,25.6,25.473499059763395,0.12650094023660685,0.12650094023660685,0.4941442977992455,25.614369644418485,-0.014369644418483318,0.014369644418483318,0.05613142350970046,26.099489599855644,-0.499489599855643,0.499489599855643,1.9511312494361055
2025-06-16 23:00:00,25.6,25.44591856575231,0.15408143424768994,0.15408143424768994,0.6018806025300388,25.478498232808562,0.12150176719143957,0.12150176719143957,0.4746162780915608,26.212499503403947,-0.6124995034039458,0.6124995034039458,2.392576185171663
2025-06-17 00:00:00,25.3,25.371895920371987,-0.07189592037198622,0.07189592037198622,0.28417359830824596,25.37097182539683,-0.07097182539682834,0.07097182539682834,0.28052104899932145,26.384886666908603,-1.0848866669086021,1.0848866669086021,4.288089592524119
2025-06-17 01:00:00,25.5,25.8151306547929,-0.3151306547928989,0.3151306547928989,1.2358064893839174,25.727878484289246,-0.22787848428924562,0.22787848428924562,0.8936411148597867,26.585809869827575,-1.0858098698275747,1.0858098698275747,4.2580779208924495
2025-06-17 02:00:00,24.8,24.931865952870414,-0.13186595287041314,0.13186595287041314,0.5317175518968271,24.79520667510597,0.004793324894031059,0.004793324894031059,0.01932792295980266,25.605501241191035,-0.8055012411910347,0.8055012411910347,3.247988875770301
2025-06-17 03:00:00,25.1,25.400222199221467,-0.30022219922146576,0.30022219922146576,1.1961043793683894,25.2910530393218,-0.1910530393217975,0.1910530393217975,0.7611674873378387,26.081986109819344,-0.9819861098193421,0.9819861098193421,3.9122952582443906
2025-06-17 04:00:00,24.3,24.44464855613147,-0.1446485561314681,0.1446485561314681,0.5952615478661238,24.397560899802826,-0.09756089980282567,0.09756089980282567,0.4014851843737682,25.152896906700718,-0.8528969067007175,0.8528969067007175,3.509863813583199
2025-06-17 05:00:00,23.9,24.05661642325613,-0.156616423256132,0.156616423256132,0.6552988420758662,23.93357254583651,-0.033572545836509704,0.033572545836509704,0.14047090308163057,24.950964214223333,-1.0509642142233346,1.0509642142233346,4.397339808465835
2025-06-17 06:00:00,23.8,23.86015972920472,-0.060159729204720236,0.060159729204720236,0.25277197144840435,23.76420480253796,0.03579519746203985,0.03579519746203985,0.1503999893363019,24.8243369904779,-1.0243369904778987,1.0243369904778987,4.303936934781087
2025-06-17 07:00:00,23.8,23.86910167258746,-0.06910167258745759,0.06910167258745759,0.2903431621321747,23.758477253697905,0.04152274630209618,0.04152274630209618,0.17446532059704276,24.714512708251608,-0.9145127082516069,0.9145127082516069,3.8424903708050713
2025-06-17 08:00:00,23.8,23.72935634086636,0.07064365913364057,0.07064365913364057,0.29682209720017044,23.698934301303083,0.1010656986969174,0.1010656986969174,0.4246457928441907,24.620875374605934,-0.820875374605933,0.820875374605933,3.4490561958232475
2025-06-17 09:00:00,23.9,24.04365802787663,-0.14365802787663284,0.14365802787663284,0.601079614546581,23.93322292013543,-0.03322292013543304,0.03322292013543304,0.1390080340394688,25.079524245115564,-1.1795242451155659,1.1795242451155659,4.935247887512828
2025-06-17 10:00:00,24.2,24.171824475737687,0.028175524262312734,0.028175524262312734,0.11642778620790387,24.349386954495035,-0.1493869544950357,0.1493869544950357,0.6173014648555194,25.20941228820969,-1.0094122882096919,1.0094122882096919,4.1711251578912885
2025-06-17 11:00:00,26.3,26.311839890419844,-0.011839890419842902,0.011839890419842902,0.04501859475225438,26.325691900041488,-0.025691900041486804,0.025691900041486804,0.09768783285736427,26.77742618621736,-0.477426186217361,0.477426186217361,1.8153086928416766
2025-06-17 12:00:00,28.4,28.60833511733455,-0.20833511733455268,0.20833511733455268,0.7335743568118053,28.74970146103895,-0.3497014610389506,0.3497014610389506,1.2313431726723614,28.71422014991944,-0.3142201499194428,0.3142201499194428,1.1064089785895874
2025-06-17 13:00:00,30.2,30.21784212151822,-0.017842121518221177,0.017842121518221177,0.05907987257689132,30.374712355560245,-0.17471235556024567,0.17471235556024567,0.5785177336431976,29.972039387872456,0.22796061212754282,0.22796061212754282,0.7548364639984861
2025-06-17 14:00:00,31.6,31.487171689112554,0.11282831088744771,0.11282831088744771,0.35705161673242947,31.672888675112794,-0.07288867511279307,0.07288867511279307,0.23066036428099074,31.01404218276853,0.5859578172314706,0.5859578172314706,1.854296889973008
2025-06-17 15:00:00,32.8,32.00316060334293,0.7968393966570702,0.7968393966570702,2.4293884044422875,32.332964048451565,0.46703595154843214,0.46703595154843214,1.4238900961842444,31.696278213312603,1.1037217866873945,1.1037217866873945,3.3650054472176665
2025-06-17 16:00:00,33.5,32.47620207576764,1.0237979242323618,1.0237979242323618,3.0561132066637664,32.25679898434899,1.2432010156510103,1.2432010156510103,3.711047807913463,31.905449244107505,1.5945507558924952,1.5945507558924952,4.759853002664165
2025-06-17 17:00:00,32.5,31.5611837818098,0.9388162181902011,0.9388162181902011,2.8886652867390805,32.243069347319356,0.2569306526806443,0.2569306526806443,0.7905558544019824,31.42552364192743,1.0744763580725696,1.0744763580725696,3.3060811017617526
2025-06-17 18:00:00,33.1,32.065464617102485,1.0345353828975163,1.0345353828975163,3.1254845404758798,32.61882972313517,0.48117027686483027,0.48117027686483027,1.453686637053868,31.690696055024972,1.4093039449750293,1.4093039449750293,4.25771584584601
2025-06-17 19:00:00,33.2,31.829280056847264,1.3707199431527393,1.3707199431527393,4.128674527568491,32.31580149017649,0.8841985098235128,0.8841985098235128,2.6632485235647976,31.663929968411008,1.536070031588995,1.536070031588995,4.626716962617454
2025-06-17 20:00:00,31.6,30.72367391756243,0.876326082437572,0.876326082437572,2.7731838051821898,32.262396645021646,-0.6623966450216443,0.6623966450216443,2.096191914625457,30.75621512989973,0.8437848701002721,0.8437848701002721,2.670205285127443
2025-06-17 21:00:00,30.1,29.802974768437426,0.297025231562575,0.297025231562575,0.9867947892444351,29.753036261777456,0.346963738222545,0.346963738222545,1.1527034492443355,29.730795624777983,0.36920437522201865,0.36920437522201865,1.2265926087110253
2025-06-17 22:00:00,29.1,29.078832182876642,0.021167817123359356,0.021167817123359356,0.07274163959917304,29.04092859709735,0.05907140290265289,0.05907140290265289,0.20299451169296526,28.925865020823185,0.17413497917681653,0.17413497917681653,0.5984019902983385
2025-06-17 23:00:00,28.4,28.56533639872928,-0.16533639872928063,0.16533639872928063,0.5821704180608474,28.318360452292815,0.08163954770718362,0.08163954770718362,0.287463196152055,28.580001661452705,-0.18000166145270668,0.18000166145270668,0.6338086670869953
2025-06-18 00:00:00,28.4,28.59916497461027,-0.19916497461027305,0.19916497461027305,0.7012851218671586,28.71440072150071,-0.31440072150071074,0.31440072150071074,1.107044794016587,28.624444605579807,-0.2244446055798086,0.2244446055798086,0.7902979069711571
2025-06-18 01:00:00,27.2,27.392446484788323,-0.1924464847883236,0.1924464847883236,0.7075238411335427,27.3950755952381,-0.19507559523810158,0.19507559523810158,0.7171896883753734,27.744236977499376,-0.5442369774993772,0.5442369774993772,2.0008712408065334
2025-06-18 02:00:00,26.4,26.754219175084874,-0.3542191750848751,0.3542191750848751,1.3417392995639208,26.546634920634926,-0.1466349206349271,0.1466349206349271,0.55543530543533,27.226210303209456,-0.8262103032094572,0.8262103032094572,3.1295844818540046
2025-06-18 03:00:00,26.5,26.695037466054682,-0.19503746605468208,0.19503746605468208,0.7359904379421965,26.566826385514645,-0.06682638551464493,0.06682638551464493,0.2521750396779054,27.026574858067626,-0.5265748580676259,0.5265748580676259,1.9870749361042488
2025-06-18 04:00:00,25.5,25.697056886079373,-0.19705688607937333,0.19705688607937333,0.7727721022720523,25.568098998133518,-0.06809899813351805,0.06809899813351805,0.26705489464124726,26.047901763775627,-0.5479017637756272,0.5479017637756272,2.1486343677475572
2025-06-18 05:00:00,25.3,25.409428078352324,-0.10942807835232315,0.10942807835232315,0.43252204882341166,25.35332126987682,-0.05332126987681818,0.05332126987681818,0.21075600741825365,25.835227272079077,-0.5352272720790765,0.5352272720790765,2.1155228145418046
2025-06-18 06:00:00,25.3,25.45169065192303,-0.15169065192302966,0.15169065192302966,0.5995677941621725,25.346433804890825,-0.046433804890824604,0.046433804890824604,0.1835328256554332,25.97685115319164,-0.6768511531916381,0.6768511531916381,2.6753010007574627
2025-06-18 07:00:00,25.0,25.03223902986164,-0.03223902986163907,0.03223902986163907,0.12895611944655627,24.984017337126726,0.015982662873273767,0.015982662873273767,0.06393065149309507,25.584466767962233,-0.5844667679622333,0.5844667679622333,2.337867071848933
2025-06-18 08:00:00,24.6,24.77671219989153,-0.1767121998915293,0.1767121998915293,0.7183422759818264,24.584272177822175,0.01572782217782631,0.01572782217782631,0.0639342364952289,25.576432486047224,-0.9764324860472229,0.9764324860472229,3.9692377481594425
2025-06-18 09:00:00,24.5,24.752414015411972,-0.25241401541197206,0.25241401541197206,1.0302612873958044,24.590295544733046,-0.09029554473304557,0.09029554473304557,0.36855324380834925,25.514640073370735,-1.0146400733707353,1.0146400733707353,4.1413880545744295
2025-06-18 10:00:00,24.9,24.897377203252127,0.002622796747871803,0.002622796747871803,0.010533320272577522,24.987746488965136,-0.08774648896513781,0.08774648896513781,0.35239553801260165,25.73713982459896,-0.8371398245989603,0.8371398245989603,3.362007327706668
2025-06-18 11:00:00,26.7,26.74696456699531,-0.046964566995310264,0.046964566995310264,0.17589725466408337,26.6068242724503,0.09317572754969916,0.09317572754969916,0.34897276235842384,27.250721578150035,-0.5507215781500356,0.5507215781500356,2.0626276335207328
2025-06-18 12:00:00,29.2,29.306538866171394,-0.10653886617139463,0.10653886617139463,0.3648591307239542,29.203793091445874,-0.0037930914458748077,0.0037930914458748077,0.012990039198201398,29.27236135679396,-0.07236135679396227,0.07236135679396227,0.2478128657327475
2025-06-18 13:00:00,30.2,30.17165620479384,0.028343795206158262,0.028343795206158262,0.09385362651045782,30.164341125541135,0.035658874458864176,0.035658874458864176,0.1180757432412721,30.168976964867973,0.031023035132026422,0.031023035132026422,0.10272528189412722
2025-06-18 14:00:00,31.2,31.040079550047565,0.15992044995243404,0.15992044995243404,0.5125655447193398,31.06724403865373,0.13275596134626966,0.13275596134626966,0.4254998761098387,30.890322369089148,0.3096776309108513,0.3096776309108513,0.9925565093296517
2025-06-18 15:00:00,31.0,31.016518275917203,-0.01651827591720334,0.01651827591720334,0.05328476102323657,31.243955250418036,-0.24395525041803623,0.24395525041803623,0.7869524207033426,30.862615191293262,0.13738480870673797,0.13738480870673797,0.4431768022797999
2025-06-18 16:00:00,32.0,31.550022847126215,0.44997715287378526,0.44997715287378526,1.406178602730579,32.239581622130665,-0.23958162213066458,0.23958162213066458,0.7486925691583268,31.54045102537079,0.45954897462921096,0.45954897462921096,1.4360905457162843
2025-06-18 17:00:00,32.8,32.2270080968289,0.5729919031711006,0.5729919031711006,1.7469265340582338,32.782156965220345,0.0178430347796521,0.0178430347796521,0.05439949627942714,32.082555783004324,0.7174442169956734,0.7174442169956734,2.187329929864858
2025-06-18 18:00:00,32.8,32.1914691522583,0.6085308477416973,0.6085308477416973,1.8552769748222482,32.89972099151179,-0.09972099151179492,0.09972099151179492,0.30402741314571624,32.05180415632117,0.748195843678829,0.748195843678829,2.2810848892647226
2025-06-18 19:00:00,31.9,31.5718918455742,0.32810815442579866,0.32810815442579866,1.0285522082313436,31.95021108882315,-0.05021108882315062,0.05021108882315062,0.15740153236097373,31.36084153225961,0.5391584677403891,0.5391584677403891,1.690151936490248
2025-06-18 20:00:00,30.8,30.58319417388227,0.21680582611773147,0.21680582611773147,0.7039150198627645,30.565746115573074,0.23425388442692707,0.23425388442692707,0.7605645598276853,30.487527264486424,0.3124727355135768,0.3124727355135768,1.014521868550574
2025-06-18 21:00:00,28.3,28.44009016314452,-0.14009016314452083,0.14009016314452083,0.49501824432692865,28.27682863469865,0.023171365301351443,0.023171365301351443,0.08187761590583548,28.58698794099411,-0.2869879409941092,0.2869879409941092,1.0140916642901385
2025-06-18 22:00:00,24.5,24.424388937516817,0.07561106248318339,0.07561106248318339,0.30861658156401384,24.554496162605098,-0.05449616260509771,0.05449616260509771,0.22243331675550088,26.091036584416923,-1.5910365844169228,1.5910365844169228,6.494026875171113
2025-06-18 23:00:00,24.5,24.312270828004444,0.1877291719955565,0.1877291719955565,0.7662415183492102,24.59784909089092,-0.09784909089092153,0.09784909089092153,0.3993840444527409,25.31277990172697,-0.8127799017269695,0.8127799017269695,3.3174689866406917
2025-06-19 00:00:00,24.6,24.387056295430387,0.2129437045696143,0.2129437045696143,0.8656248153236354,24.62149240112788,-0.021492401127879646,0.021492401127879646,0.08736748425967336,25.26199300775134,-0.6619930077513381,0.6619930077513381,2.691028486794057
2025-06-19 01:00:00,24.5,24.535798613216787,-0.035798613216787345,0.035798613216787345,0.14611678863994834,24.613719409574024,-0.11371940957402416,0.11371940957402416,0.46416085540418023,25.270552495863875,-0.7705524958638748,0.7705524958638748,3.1451122280158152
2025-06-19 02:00:00,23.8,23.53961541274176,0.26038458725824043,0.26038458725824043,1.0940528876396656,23.699857633599454,0.10014236640054719,0.10014236640054719,0.4207662453804504,24.85840965715164,-1.058409657151639,1.058409657151639,4.4470993997968025
2025-06-19 03:00:00,24.0,24.018499945662985,-0.01849994566298463,0.01849994566298463,0.07708310692910261,24.00103856491792,-0.0010385649179198708,0.0010385649179198708,0.004327353824666128,25.129214764589104,-1.1292147645891042,1.1292147645891042,4.7050615191212675
2025-06-19 04:00:00,24.1,24.122490808730348,-0.022490808730346146,0.022490808730346146,0.09332285780226615,24.100000819518346,-8.195183447412546e-07,8.195183447412546e-07,3.400491057017654e-06,25.016002496194385,-0.916002496194384,0.916002496194384,3.800840233171718
2025-06-19 05:00:00,24.0,23.92330058404329,0.07669941595671048,0.07669941595671048,0.319580899819627,24.08272423457882,-0.08272423457881928,0.08272423457881928,0.3446843107450803,24.87389220155168,-0.8738922015516799,0.8738922015516799,3.641217506465333
2025-06-19 06:00:00,24.0,23.933576824815262,0.06642317518473817,0.06642317518473817,0.276763229936409,24.082390901245486,-0.08239090124548554,0.08239090124548554,0.3432954218561898,25.15618736795891,-1.1561873679589105,1.1561873679589105,4.817447366495461
2025-06-19 07:00:00,23.9,23.85237923682376,0.04762076317623709,0.04762076317623709,0.19925005513069913,23.91822915807891,-0.01822915807890979,0.01822915807890979,0.07627262794522925,24.77042951239045,-0.8704295123904515,0.8704295123904515,3.6419644869893375
2025-06-19 08:00:00,23.8,23.74349232868408,0.05650767131592005,0.05650767131592005,0.2374271904030254,23.829084227774278,-0.029084227774276883,0.029084227774276883,0.12220263770704573,24.499607516320584,-0.699607516320583,0.699607516320583,2.939527379498248
2025-06-19 09:00:00,23.7,23.650198931702903,0.04980106829709641,0.04980106829709641,0.2101310898611663,23.717088008771352,-0.017088008771352747,0.017088008771352747,0.07210130283271202,24.643653091148487,-0.9436530911484873,0.9436530911484873,3.981658612440875
2025-06-19 10:00:00,24.1,23.878702719323744,0.2212972806762572,0.2212972806762572,0.9182459779097809,24.135920750995428,-0.03592075099542669,0.03592075099542669,0.14904875931712316,24.848020057121435,-0.7480200571214333,0.7480200571214333,3.103817664404287
2025-06-19 11:00:00,25.5,25.35919248800358,0.14080751199642094,0.14080751199642094,0.5521863215545919,25.557755224700887,-0.05775522470088745,0.05775522470088745,0.2264910772583822,26.026683986174834,-0.5266839861748345,0.5266839861748345,2.065427396764057
2025-06-19 12:00:00,27.9,28.131913065495475,-0.2319130654954762,0.2319130654954762,0.8312296254318143,28.071987844380292,-0.17198784438029335,0.17198784438029335,0.6164438866677182,28.144590023418935,-0.24459002341893665,0.24459002341893665,0.8766667506055077
2025-06-19 13:00:00,30.0,30.268074001356744,-0.2680740013567444,0.2680740013567444,0.8935800045224814,30.097637522893756,-0.0976375228937556,0.0976375228937556,0.325458409645852,29.938127315793672,0.06187268420632819,0.06187268420632819,0.20624228068776063
2025-06-19 14:00:00,29.6,29.678503745593204,-0.07850374559320272,0.07850374559320272,0.265215356733793,29.573272273151684,0.0267277268483177,0.0267277268483177,0.0902963744875598,29.66714316429385,-0.06714316429384937,0.06714316429384937,0.22683501450624788
2025-06-19 15:00:00,31.2,31.322815892381296,-0.12281589238129698,0.12281589238129698,0.39364068070928515,31.43993663767138,-0.23993663767138074,0.23993663767138074,0.7690276848441691,31.13812381117573,0.06187618882426804,0.06187618882426804,0.19832111802650013
2025-06-19 16:00:00,31.2,31.091733909282215,0.10826609071778392,0.10826609071778392,0.34700670101853825,30.949668683613595,0.25033131638640427,0.25033131638640427,0.8023439627769368,30.967960447429576,0.23203955257042352,0.23203955257042352,0.7437165146487934
2025-06-19 17:00:00,32.2,31.89460479120143,0.30539520879857207,0.30539520879857207,0.9484323254614039,32.2334051027948,-0.03340510279479503,0.03340510279479503,0.10374255526333859,31.65804397485503,0.5419560251449731,0.5419560251449731,1.683093245791842
2025-06-19 18:00:00,32.3,31.904711375159664,0.3952886248403331,0.3952886248403331,1.2238037920753349,32.428663451502345,-0.12866345150234793,0.12866345150234793,0.3983388591403961,31.583594502525337,0.7164054974746605,0.7164054974746605,2.217973676392138
2025-06-19 19:00:00,25.5,25.41661025462593,0.0833897453740704,0.0833897453740704,0.32701860931008003,25.41051169682177,0.08948830317822853,0.08948830317822853,0.3509345222675629,25.807799652851735,-0.3077996528517346,0.3077996528517346,1.2070574621636652
2025-06-19 20:00:00,25.0,24.87634201901588,0.12365798098412029,0.12365798098412029,0.49463192393648114,24.971200726309164,0.028799273690836458,0.028799273690836458,0.11519709476334583,26.284285689220276,-1.284285689220276,1.284285689220276,5.137142756881104
2025-06-19 21:00:00,25.4,25.24090122611485,0.15909877388514815,0.15909877388514815,0.6263731255320794,25.355436538391245,0.04456346160875313,0.04456346160875313,0.17544669924705958,25.63296907453235,-0.2329690745323525,0.2329690745323525,0.9172010808360335
2025-06-19 22:00:00,25.5,25.31966853235293,0.18033146764706842,0.18033146764706842,0.707182226066935,25.459670376645448,0.04032962335455181,0.04032962335455181,0.15815538570412474,26.07798964200896,-0.5779896420089585,0.5779896420089585,2.266626047093955
2025-06-19 23:00:00,25.4,25.473073959387193,-0.07307395938719452,0.07307395938719452,0.28769275349289186,25.46690628469875,-0.06690628469875293,0.06690628469875293,0.26341056968012966,25.932591149658194,-0.5325911496581952,0.5325911496581952,2.0968155498354144
2025-06-20 00:00:00,25.2,25.232401519642995,-0.032401519642995424,0.032401519642995424,0.12857745890077552,25.322731261859648,-0.12273126185964855,0.12273126185964855,0.4870288169033673,25.769744058957055,-0.5697440589570562,0.5697440589570562,2.2608891228454606
2025-06-20 01:00:00,25.2,25.016176474718826,0.18382352528117352,0.18382352528117352,0.7294584336554505,25.119278463229612,0.08072153677038685,0.08072153677038685,0.3203235586126463,25.65555740432071,-0.4555574043207109,0.4555574043207109,1.8077674774631385
2025-06-20 02:00:00,24.7,24.64546726412593,0.05453273587406926,0.05453273587406926,0.22078030718246663,24.700568740853463,-0.0005687408534633676,0.0005687408534633676,0.0023025945484346864,25.595377073481647,-0.8953770734816473,0.8953770734816473,3.6250083946625398
2025-06-20 03:00:00,24.4,24.487124358830034,-0.08712435883003522,0.08712435883003522,0.3570670443853903,24.529893567583354,-0.12989356758335546,0.12989356758335546,0.5323506868170306,25.278474248935453,-0.8784742489354542,0.8784742489354542,3.6003042989157965
2025-06-20 04:00:00,24.1,24.109257540068896,-0.009257540068894343,0.009257540068894343,0.0384130293315118,24.084086291598528,0.01591370840147377,0.01591370840147377,0.06603198506835589,24.854380791473943,-0.7543807914739418,0.7543807914739418,3.1302107530039076
2025-06-20 05:00:00,23.9,24.035087270082734,-0.13508727008273524,0.13508727008273524,0.5652187032750429,24.00005685065996,-0.10005685065996062,0.10005685065996062,0.41864791071113233,24.62418268243097,-0.7241826824309712,0.7241826824309712,3.030053064564733
2025-06-20 06:00:00,24.1,24.04127974001181,0.05872025998819197,0.05872025998819197,0.24365253107133597,24.011314682908584,0.08868531709141791,0.08868531709141791,0.36798886759924443,24.966503896092203,-0.8665038960922011,0.8665038960922011,3.595451851004984
2025-06-20 07:00:00,24.3,24.201502584850996,0.09849741514900501,0.09849741514900501,0.40533915699179013,24.20335695856053,0.09664304143947078,0.09664304143947078,0.39770798946284264,25.098127396779258,-0.7981273967792575,0.7981273967792575,3.284474883865257
2025-06-20 08:00:00,23.9,23.95844595896001,-0.05844595896001081,0.05844595896001081,0.2445437613389574,23.88023040016542,0.0197695998345786,0.0197695998345786,0.08271799093965942,24.809197263820796,-0.909197263820797,0.909197263820797,3.8041726519698624
2025-06-20 09:00:00,24.0,24.139625523940076,-0.13962552394007588,0.13962552394007588,0.5817730164169828,24.078055808306335,-0.07805580830633474,0.07805580830633474,0.3252325346097281,25.06895655667287,-1.0689565566728696,1.0689565566728696,4.453985652803624
2025-06-20 10:00:00,24.5,24.476660854806855,0.023339145193144617,0.023339145193144617,0.095261817114876,24.6244708167643,-0.12447081676430116,0.12447081676430116,0.5080441500583721,25.127989360627225,-0.6279893606272253,0.6279893606272253,2.563221880111124
2025-06-20 11:00:00,25.9,25.898456395759013,0.0015436042409859851,0.0015436042409859851,0.005959861934308823,25.777913248617942,0.12208675138205649,0.12208675138205649,0.47137741846353864,26.354154586225008,-0.4541545862250089,0.4541545862250089,1.7534926109073705
2025-06-20 12:00:00,27.8,28.014434929658236,-0.21443492965823552,0.21443492965823552,0.7713486678353796,27.89908725176138,-0.09908725176137878,0.09908725176137878,0.35642896317042727,28.037832583238114,-0.23783258323811296,0.23783258323811296,0.85551288934573
2025-06-20 13:00:00,29.3,29.3872964314638,-0.08729643146379829,0.08729643146379829,0.2979400391255914,29.30329833695714,-0.0032983369571404353,0.0032983369571404353,0.01125712272061582,29.206310358274802,0.09368964172519867,0.09368964172519867,0.3197598693692787
2025-06-20 14:00:00,30.2,30.166386416127143,0.03361358387285662,0.03361358387285662,0.11130325785714114,30.10614753232233,0.09385246767767086,0.09385246767767086,0.31076976052208893,29.90871101256785,0.29128898743215004,0.29128898743215004,0.9645330709673843
2025-06-20 15:00:00,31.0,31.0912639746062,-0.09126397460619984,0.09126397460619984,0.2943999180845156,30.997397964671208,0.002602035328791885,0.002602035328791885,0.008393662350941565,30.651698897814974,0.34830110218502597,0.34830110218502597,1.123551942532342
2025-06-20 16:00:00,31.6,31.542163274070063,0.05783672592993838,0.05783672592993838,0.18302761370233664,31.74013842416665,-0.140138424166647,0.140138424166647,0.4434760258438196,31.31729247474129,0.28270752525871146,0.28270752525871146,0.8946440672744033
2025-06-20 17:00:00,31.8,31.644397642290212,0.15560235770978892,0.15560235770978892,0.4893155902823551,31.94901847408534,-0.14901847408533797,0.14901847408533797,0.46861155372747787,31.395803309480733,0.4041966905192673,0.4041966905192673,1.2710587752178217
2025-06-20 18:00:00,31.6,31.338756438652677,0.2612435613473245,0.2612435613473245,0.8267201308459636,31.364056217569892,0.23594378243010894,0.23594378243010894,0.7466575393357877,30.986734250189446,0.6132657498105551,0.6132657498105551,1.9407143981346682
2025-06-20 19:00:00,30.6,30.67299773037478,-0.07299773037478019,0.07299773037478019,0.23855467442738623,30.622824826308786,-0.022824826308784907,0.022824826308784907,0.07459093564962388,30.363904576447872,0.2360954235521291,0.2360954235521291,0.7715536717389839
2025-06-20 20:00:00,24.1,24.180839288070597,-0.08083928807059593,0.08083928807059593,0.3354327305833856,24.165570379852333,-0.06557037985233194,0.06557037985233194,0.2720762649474354,25.00844858041977,-0.9084485804197691,0.9084485804197691,3.769496184314394
2025-06-20 21:00:00,25.2,25.151766838213515,0.0482331617864844,0.0482331617864844,0.1914014356606524,25.253388937928634,-0.053388937928634306,0.053388937928634306,0.2118608647961679,25.93995547937388,-0.7399554793738794,0.7399554793738794,2.9363312673566644
2025-06-20 22:00:00,25.2,25.02812878811207,0.17187121188792887,0.17187121188792887,0.6820286186028923,25.184730382382313,0.015269617617686748,0.015269617617686748,0.06059372070510615,25.97684610109979,-0.7768461010997925,0.7768461010997925,3.082722623411875
2025-06-20 23:00:00,25.2,25.133153999547922,0.06684600045207745,0.06684600045207745,0.2652619065558629,25.230338346290768,-0.030338346290768925,0.030338346290768925,0.12039026305860685,25.90560291823865,-0.7056029182386503,0.7056029182386503,2.8000115803121046
2025-06-21 00:00:00,25.0,25.001047866005454,-0.0010478660054538125,0.0010478660054538125,0.00419146402181525,25.001315697100075,-0.001315697100075397,0.001315697100075397,0.005262788400301588,25.48527854965142,-0.4852785496514187,0.4852785496514187,1.9411141986056746
2025-06-21 01:00:00,24.9,24.977110517730264,-0.07711051773026512,0.07711051773026512,0.30968079409745025,24.996256750491135,-0.09625675049113624,0.09625675049113624,0.3865732951451255,25.659495830780344,-0.7594958307803452,0.7594958307803452,3.0501840593588163
2025-06-21 02:00:00,24.5,24.461189658916176,0.038810341083824085,0.038810341083824085,0.15840955544417992,24.506168266017607,-0.006168266017606783,0.006168266017606783,0.025176595990231768,25.108045266793475,-0.608045266793475,0.608045266793475,2.4818174154835715
2025-06-21 03:00:00,24.6,24.577269250768364,0.02273074923163776,0.02273074923163776,0.0924014196408039,24.617491154065885,-0.017491154065883308,0.017491154065883308,0.07110225230033865,25.272556811901026,-0.6725568119010248,0.6725568119010248,2.7339707800854667
2025-06-21 04:00:00,24.7,24.65848372672467,0.04151627327533092,0.04151627327533092,0.168082078037777,24.71089176262069,-0.010891762620691026,0.010891762620691026,0.04409620494206893,25.481418392271138,-0.7814183922711386,0.7814183922711386,3.163637215672626
2025-06-21 05:00:00,24.9,24.994065424460196,-0.09406542446019728,0.09406542446019728,0.37777278899677624,24.97928247008172,-0.07928247008172207,0.07928247008172207,0.31840349430410475,25.67107552951539,-0.771075529515393,0.771075529515393,3.0966888735557956
2025-06-21 06:00:00,24.8,24.80156308980738,-0.0015630898073801802,0.0015630898073801802,0.006302781481371694,24.813656401631047,-0.013656401631045867,0.013656401631045867,0.05506613560905591,25.184170018622098,-0.3841700186220969,0.3841700186220969,1.5490726557342616
2025-06-21 07:00:00,24.4,24.307060574209146,0.09293942579085268,0.09293942579085268,0.38089928602808476,24.30878919035323,0.09121080964676764,0.09121080964676764,0.37381479363429365,24.88361417413772,-0.48361417413772045,0.48361417413772045,1.9820253038431168
2025-06-21 08:00:00,24.3,24.238136392636783,0.061863607363218165,0.061863607363218165,0.25458274635069206,24.19644818958368,0.10355181041632022,0.10355181041632022,0.4261391375157211,24.769753341909798,-0.46975334190979723,0.46975334190979723,1.933141324731676
2025-06-21 09:00:00,24.2,24.24806870924745,-0.04806870924744899,0.04806870924744899,0.19863102994813636,24.199707723919083,0.0002922760809163094,0.0002922760809163094,0.0012077524004806175,24.920344219574748,-0.7203442195747485,0.7203442195747485,2.976629006507225
2025-06-21 10:00:00,24.4,24.30383595036966,0.09616404963033887,0.09616404963033887,0.39411495750138875,24.442790763475344,-0.04279076347534527,0.04279076347534527,0.1753719814563331,24.966371971792398,-0.5663719717923996,0.5663719717923996,2.321196605706556
2025-06-21 11:00:00,25.4,25.258607357363793,0.14139264263620532,0.14139264263620532,0.5566639473866352,25.423681922161126,-0.023681922161127744,0.023681922161127744,0.09323591402018798,25.809621814508137,-0.4096218145081387,0.4096218145081387,1.6126843090871603
2025-06-21 12:00:00,27.7,27.81385798866652,-0.11385798866652053,0.11385798866652053,0.4110396702762474,27.597889910783657,0.10211008921634246,0.10211008921634246,0.36862848092542405,27.91718021021173,-0.21718021021172973,0.21718021021172973,0.78404408018675
2025-06-21 13:00:00,28.0,28.18493551194589,-0.1849355119458913,0.1849355119458913,0.6604839712353261,27.869534325396813,0.1304656746031867,0.1304656746031867,0.4659488378685239,28.35792966883556,-0.35792966883555977,0.35792966883555977,1.2783202458412848
2025-06-21 14:00:00,29.5,29.656512452422874,-0.1565124524228736,0.1565124524228736,0.5305506861792325,29.334976976822194,0.16502302317780604,0.16502302317780604,0.559400078568834,29.58715196326781,-0.08715196326781083,0.08715196326781083,0.29543038395868076
2025-06-21 15:00:00,30.3,30.296575182194474,0.0034248178055271694,0.0034248178055271694,0.011303029061145773,30.228700613423896,0.07129938657610424,0.07129938657610424,0.23531150685182917,30.018923325805275,0.2810766741947255,0.2810766741947255,0.9276457894215362
2025-06-21 16:00:00,31.2,31.137889576219813,0.06211042378018661,0.06211042378018661,0.19907187109034172,31.333110726826668,-0.13311072682666847,0.13311072682666847,0.4266369449572707,30.78371177092026,0.41628822907973984,0.41628822907973984,1.3342571444863456
2025-06-21 17:00:00,31.2,31.040507470941723,0.1594925290582765,0.1594925290582765,0.5111940033919118,31.389959910575527,-0.18995991057552786,0.18995991057552786,0.608845867229256,30.705537625813108,0.49446237418689165,0.49446237418689165,1.5848153018810631
2025-06-21 18:00:00,31.4,31.211216561128285,0.18878343887171312,0.18878343887171312,0.601221142903545,31.377997542972167,0.022002457027831213,0.022002457027831213,0.07007151919691469,30.791089356379693,0.6089106436203053,0.6089106436203053,1.9392058714022462
2025-06-21 19:00:00,32.8,32.214751326372536,0.5852486736274614,0.5852486736274614,1.7842947366690898,32.77323983918512,0.026760160814873757,0.026760160814873757,0.08158585614290781,31.145351890431723,1.6546481095682744,1.6546481095682744,5.044658870634984
2025-06-21 20:00:00,25.6,25.53742863414321,0.06257136585679035,0.06257136585679035,0.2444193978780873,25.571523310023313,0.02847668997668862,0.02847668997668862,0.11123707022143992,25.928618094900646,-0.3286180949006443,0.3286180949006443,1.283664433205642
2025-06-21 21:00:00,25.6,25.54556640796502,0.054433592034982325,0.054433592034982325,0.2126312188866497,25.66321467120339,-0.06321467120339008,0.06321467120339008,0.2469323093882425,25.858349434969497,-0.2583494349694959,0.2583494349694959,1.0091774803495934
2025-06-21 22:00:00,25.1,25.06623310963269,0.03376689036731051,0.03376689036731051,0.13452944369446415,25.18892430802883,-0.08892430802882956,0.08892430802882956,0.35428011166864365,25.540798877631993,-0.4407988776319911,0.4407988776319911,1.756170827219088
2025-06-21 23:00:00,25.5,25.345445552516075,0.15455444748392466,0.15455444748392466,0.6060958724859791,25.42278811596732,0.07721188403267831,0.07721188403267831,0.3027917020889346,25.591635390171504,-0.09163539017150413,0.09163539017150413,0.3593544712608005
2025-06-22 00:00:00,25.1,25.160922459549376,-0.06092245954937425,0.06092245954937425,0.24271896234810456,25.192465430575044,-0.09246543057504297,0.09246543057504297,0.36838816962168514,25.730264237461938,-0.6302642374619367,0.6302642374619367,2.511012898254728
2025-06-22 01:00:00,24.9,24.7565022821218,0.14349771787819776,0.14349771787819776,0.5762960557357341,24.860942939743172,0.03905706025682676,0.03905706025682676,0.15685566368203518,25.29923515799522,-0.39923515799522136,0.39923515799522136,1.60335404817358
2025-06-22 02:00:00,24.5,24.59708728614721,-0.09708728614721096,0.09708728614721096,0.3962746373355549,24.620263415138137,-0.12026341513813676,0.12026341513813676,0.49087108219647657,25.263299608964275,-0.7632996089642745,0.7632996089642745,3.115508608017447
2025-06-22 03:00:00,24.5,24.527481528823962,-0.027481528823962265,0.027481528823962265,0.11216950540392762,24.47956788167973,0.0204321183202687,0.0204321183202687,0.08339640130721919,25.085206650425313,-0.5852066504253131,0.5852066504253131,2.388598573164543
2025-06-22 04:00:00,24.6,24.624013394703276,-0.02401339470327457,0.02401339470327457,0.09761542562306735,24.586580554105048,0.013419445894953697,0.013419445894953697,0.05455059306891746,25.424794666693032,-0.8247946666930304,0.8247946666930304,3.352823848345652
2025-06-22 05:00:00,24.5,24.446976991384094,0.05302300861590581,0.05302300861590581,0.2164204433302278,24.401373080638574,0.09862691936142554,0.09862691936142554,0.40255885453643075,25.008415463681047,-0.5084154636810467,0.5084154636810467,2.0751651578818233
2025-06-22 06:00:00,24.4,24.460246105811432,-0.06024610581143364,0.06024610581143364,0.24691026971899033,24.409478346206335,-0.009478346206336141,0.009478346206336141,0.03884568117350878,24.844132038794775,-0.4441320387947769,0.4441320387947769,1.820213273749086
2025-06-22 07:00:00,24.2,24.08123680115999,0.11876319884001063,0.11876319884001063,0.49075702000004395,23.987020524639775,0.21297947536022477,0.21297947536022477,0.8800804766951437,24.609257464337855,-0.4092574643378555,0.4092574643378555,1.6911465468506426
2025-06-22 08:00:00,24.0,24.086127696730703,-0.08612769673070275,0.08612769673070275,0.3588654030445948,23.987020524639775,0.012979475360225479,0.012979475360225479,0.05408114733427283,25.161602868970967,-1.1616028689709665,1.1616028689709665,4.8400119540456945
2025-06-22 09:00:00,23.7,23.71016233642767,-0.010162336427669061,0.010162336427669061,0.04287905665683148,23.633514868851844,0.06648513114815557,0.06648513114815557,0.2805279795280826,24.45991299530491,-0.7599129953049122,0.7599129953049122,3.206383946434229
2025-06-22 10:00:00,24.3,24.126441716863162,0.1735582831368383,0.1735582831368383,0.7142316178470711,24.199548839330763,0.10045116066923754,0.10045116066923754,0.4133792620133232,25.08195131384222,-0.7819513138422209,0.7819513138422209,3.217906641326012
2025-06-22 11:00:00,25.6,25.635374287302295,-0.035374287302293084,0.035374287302293084,0.13818080977458236,25.676469211606403,-0.07646921160640119,0.07646921160640119,0.29870785783750464,26.2670628477908,-0.6670628477907989,0.6670628477907989,2.6057142491828085
2025-06-22 12:00:00,27.8,28.091430927305883,-0.29143092730588194,0.29143092730588194,1.0483126881506544,27.961627697302696,-0.16162769730269488,0.16162769730269488,0.5813945946140103,28.081466489010765,-0.2814664890107643,0.2814664890107643,1.0124693849308068
2025-06-22 13:00:00,29.8,29.985066650073474,-0.18506665007347323,0.18506665007347323,0.6210290270921921,30.07812933754842,-0.27812933754842106,0.27812933754842106,0.933319924659131,29.669299197794544,0.13070080220545677,0.13070080220545677,0.4385932959914657
2025-06-22 14:00:00,30.7,30.730311996713862,-0.030311996713862754,0.030311996713862754,0.09873614564776141,30.76495802586385,-0.06495802586385224,0.06495802586385224,0.211589660794307,30.388436696635846,0.31156330336415294,0.31156330336415294,1.0148641803392604
2025-06-22 15:00:00,30.4,30.471041694738183,-0.07104169473818445,0.07104169473818445,0.23368978532297519,30.550372598600244,-0.15037259860024577,0.15037259860024577,0.4946467059218611,30.356341624305816,0.04365837569418218,0.04365837569418218,0.14361307794138878
2025-06-22 16:00:00,30.2,30.165367966282886,0.034632033717112876,0.034632033717112876,0.11467560833481084,30.249317643467645,-0.04931764346764567,0.04931764346764567,0.1633034551908797,30.194283051521783,0.005716948478216466,0.005716948478216466,0.018930292974226708
2025-06-22 17:00:00,25.8,25.873625810753726,-0.07362581075372532,0.07362581075372532,0.28537135951056325,25.771187461905996,0.02881253809400519,0.02881253809400519,0.11167650424033021,26.172365998550376,-0.3723659985503751,0.3723659985503751,1.4432790641487407
2025-06-22 18:00:00,26.7,26.94887476160008,-0.24887476160008148,0.24887476160008148,0.932115211985324,26.60849169923647,0.0915083007635289,0.0915083007635289,0.342727718215464,27.39527710949083,-0.6952771094908314,0.6952771094908314,2.604034117943189
2025-06-22 19:00:00,24.2,24.293332826116067,-0.09333282611606819,0.09333282611606819,0.38567283519036444,24.34718185792901,-0.1471818579290094,0.1471818579290094,0.608189495574419,24.945303823184773,-0.7453038231847735,0.7453038231847735,3.0797678643998907
2025-06-22 20:00:00,24.3,24.22615039737247,0.07384960262752926,0.07384960262752926,0.3039078297429188,24.296211052166026,0.003788947833974987,0.003788947833974987,0.01559237791759254,25.221427898460128,-0.9214278984601272,0.9214278984601272,3.791884355802992
2025-06-22 21:00:00,24.2,24.136171375219266,0.06382862478073292,0.06382862478073292,0.26375464785426833,24.209355162248173,-0.009355162248173343,0.009355162248173343,0.03865769524038572,24.83255422654734,-0.6325542265473416,0.6325542265473416,2.6138604402782715
2025-06-22 22:00:00,24.2,24.101311303788638,0.09868869621136156,0.09868869621136156,0.4078045297990147,24.195748359679946,0.004251640320052985,0.004251640320052985,0.017568761653111508,24.650764078933655,-0.45076407893365555,0.45076407893365555,1.862661483196924
2025-06-22 23:00:00,24.1,24.14894943045168,-0.04894943045167821,0.04894943045167821,0.203109669923976,24.08278816460672,0.01721183539328308,0.01721183539328308,0.07141840412150656,24.7557878389894,-0.6557878389893972,0.6557878389893972,2.721111365101233
2025-06-23 00:00:00,24.4,24.378784903389803,0.02121509661019516,0.02121509661019516,0.0869471172548982,24.41492736447166,-0.014927364471660098,0.014927364471660098,0.061177723244508604,25.083839852947037,-0.6838398529470382,0.6838398529470382,2.8026223481435997
2025-06-23 01:00:00,24.1,24.003007177887874,0.0969928221121279,0.0969928221121279,0.40245984278891245,24.09690321702505,0.0030967829749499742,0.0030967829749499742,0.012849721887759229,25.35777393914134,-1.2577739391413374,1.2577739391413374,5.2189790005864625
2025-06-23 02:00:00,24.2,24.196645091737494,0.003354908262505063,0.003354908262505063,0.013863257283078774,24.187037081364416,0.01296291863558352,0.01296291863558352,0.053565779485882314,24.560809329645213,-0.36080932964521395,0.36080932964521395,1.4909476431620412
2025-06-23 03:00:00,23.9,23.79708513215739,0.10291486784260684,0.10291486784260684,0.43060614160086547,23.913917562726468,-0.013917562726469157,0.013917562726469157,0.05823248002706761,24.459748582942435,-0.5597485829424365,0.5597485829424365,2.3420442800938766
2025-06-23 04:00:00,23.7,23.72287908921043,-0.022879089210430692,0.022879089210430692,0.09653624139422234,23.841725949522075,-0.14172594952207618,0.14172594952207618,0.5979997870129797,24.31329706445414,-0.6132970644541409,0.6132970644541409,2.587751326810721
2025-06-23 05:00:00,23.8,23.737050874930148,0.06294912506985284,0.06294912506985284,0.2644921221422388,23.843918719252347,-0.04391871925234625,0.04391871925234625,0.1845324338333876,24.838683484986603,-1.0386834849866027,1.0386834849866027,4.36421632347312
2025-06-23 06:00:00,23.8,23.84583551932327,-0.045835519323269125,0.045835519323269125,0.1925862156439879,23.924896361427763,-0.12489636142776206,0.12489636142776206,0.5247746278477398,24.53666110338833,-0.7366611033883288,0.7366611033883288,3.0952147201190288
2025-06-23 07:00:00,23.6,23.6671714789552,-0.06717147895519915,0.06717147895519915,0.284624910827115,23.708034049116215,-0.10803404911621328,0.10803404911621328,0.45777139456022575,24.260732238878052,-0.660732238878051,0.660732238878051,2.799712876601911
2025-06-23 08:00:00,23.7,23.671422582860814,0.028577417139185712,0.028577417139185712,0.12057981915268234,23.708804882449545,-0.008804882449545914,0.008804882449545914,0.037151402740700064,24.249458489357497,-0.5494584893574981,0.5494584893574981,2.3183902504535783
2025-06-23 09:00:00,23.4,23.480367614186203,-0.08036761418620486,0.08036761418620486,0.3434513426760892,23.49071156698944,-0.09071156698944094,0.09071156698944094,0.38765626918564505,24.671367574851743,-1.2713675748517446,1.2713675748517446,5.433194764323694
2025-06-23 10:00:00,23.9,23.823369578439785,0.07663042156021405,0.07663042156021405,0.3206293789130295,24.029954174306553,-0.12995417430655465,0.12995417430655465,0.5437413150901869,24.893489153358423,-0.9934891533584249,0.9934891533584249,4.156858382252824
2025-06-23 11:00:00,25.2,25.010116802503987,0.18988319749601246,0.18988319749601246,0.7535047519683034,25.133660593774717,0.066339406225282,0.066339406225282,0.26325161200508734,25.634504898074034,-0.43450489807403514,0.43450489807403514,1.724225786008076
2025-06-23 12:00:00,27.6,27.756957901490303,-0.1569579014903013,0.1569579014903013,0.5686880488779033,27.565709404666972,0.03429059533302947,0.03429059533302947,0.12424128743851258,27.86138080485287,-0.26138080485286963,0.26138080485286963,0.9470319016408318
2025-06-23 13:00:00,28.8,29.021641801225744,-0.2216418012257435,0.2216418012257435,0.7695895875893871,28.818176034627143,-0.018176034627142457,0.018176034627142457,0.06311123134424465,28.911999997330774,-0.11199999733077348,0.11199999733077348,0.38888887962074126
2025-06-23 14:00:00,29.5,29.76345452481129,-0.2634545248112907,0.2634545248112907,0.8930661858009855,29.561086294016437,-0.06108629401643739,0.06108629401643739,0.20707218310656744,29.52552841396815,-0.025528413968149977,0.025528413968149977,0.08653699650220331
2025-06-23 15:00:00,30.1,30.143815748383233,-0.04381574838323132,0.04381574838323132,0.1455672703761838,30.020938775174073,0.07906122482592792,0.07906122482592792,0.2626618764980994,29.9755924127423,0.12440758725769996,0.12440758725769996,0.413314243381063
2025-06-23 16:00:00,31.4,31.456987402031842,-0.056987402031843715,0.056987402031843715,0.18148854150268698,31.43416729940278,-0.03416729940278174,0.03416729940278174,0.10881305542287177,31.047800321149744,0.3521996788502548,0.3521996788502548,1.1216550281855249
2025-06-23 17:00:00,32.7,32.39954220182081,0.3004577981791954,0.3004577981791954,0.9188311870923406,32.36417175105597,0.33582824894403274,0.33582824894403274,1.0269977031927606,31.696086320708538,1.0039136792914647,1.0039136792914647,3.0700724137353657
2025-06-23 18:00:00,32.9,32.49683891697339,0.40316108302661036,0.40316108302661036,1.2254136262207,32.510137088784994,0.3898629112150047,0.3898629112150047,1.1849936511094368,31.822499473196917,1.0775005268030817,1.0775005268030817,3.2750775890671178
2025-06-23 19:00:00,32.1,31.823006775701234,0.27699322429876716,0.27699322429876716,0.8629072408061282,32.04908335289525,0.0509166471047493,0.0509166471047493,0.15861883833255233,31.373470339309044,0.7265296606909573,0.7265296606909573,2.263332276295817
2025-06-23 20:00:00,30.7,30.68456432833277,0.015435671667230366,0.015435671667230366,0.05027906080531064,30.875377139033887,-0.17537713903388763,0.17537713903388763,0.571261039198331,30.204365443637542,0.49563455636245735,0.49563455636245735,1.6144448089982326
2025-06-23 21:00:00,29.9,29.81529574831082,0.08470425168917828,0.08470425168917828,0.2832918116694926,29.842592526447323,0.057407473552675725,0.057407473552675725,0.19199823930660778,29.466526487682046,0.4334735123179527,0.4334735123179527,1.449744188354357
2025-06-23 22:00:00,28.7,28.7031125171616,-0.0031125171616004366,0.0031125171616004366,0.010845007531708839,28.68629485438083,0.013705145619169912,0.013705145619169912,0.047753120624285404,28.625596437950527,0.07440356204947207,0.07440356204947207,0.25924586079955425
2025-06-23 23:00:00,27.8,27.93340520114991,-0.13340520114990895,0.13340520114990895,0.47987482428024797,27.64327251933009,0.15672748066991105,0.15672748066991105,0.5637679160788167,28.14313038588073,-0.3431303858807304,0.3431303858807304,1.2342819635997497
2025-06-24 00:00:00,27.5,27.70344588119444,-0.2034458811944404,0.2034458811944404,0.7398032043434197,27.542754453368275,-0.04275445336827488,0.04275445336827488,0.15547073952099955,27.885129535934666,-0.3851295359346665,0.3851295359346665,1.4004710397624236
2025-06-24 01:00:00,26.8,26.862898752997545,-0.062898752997544,0.062898752997544,0.2346968395430746,26.6576131238497,0.14238687615030088,0.14238687615030088,0.53129431399366,27.23562930695925,-0.4356293069592496,0.4356293069592496,1.6254824886539165
2025-06-24 02:00:00,26.3,26.47356103553132,-0.17356103553131774,0.17356103553131774,0.6599278917540599,26.297396285627272,0.0026037143727286605,0.0026037143727286605,0.009900054649158404,26.92591326239523,-0.6259132623952297,0.6259132623952297,2.379898336103535
2025-06-24 03:00:00,26.0,26.07964664490599,-0.0796466449059885,0.0796466449059885,0.3063332496384173,26.079109978022714,-0.07910997802271424,0.07910997802271424,0.3042691462412086,26.668532894900487,-0.668532894900487,0.668532894900487,2.571280365001873
2025-06-24 04:00:00,25.8,25.97350556019646,-0.17350556019646035,0.17350556019646035,0.6725021713041098,25.929748978611997,-0.12974897861199608,0.12974897861199608,0.5029030178759538,26.476070225060283,-0.6760702250602826,0.6760702250602826,2.620427228915824
2025-06-24 05:00:00,25.5,25.505078441839714,-0.005078441839714287,0.005078441839714287,0.019915458194957988,25.44710116186031,0.052898838139689985,0.052898838139689985,0.20744642407721564,26.238726802352872,-0.7387268023528719,0.7387268023528719,2.8969678523642033
2025-06-24 06:00:00,25.1,25.2396549834841,-0.13965498348409966,0.13965498348409966,0.5563943565103572,25.21414407262252,-0.11414407262251913,0.11414407262251913,0.4547572614442993,25.621866407950428,-0.5218664079504265,0.5218664079504265,2.0791490356590696
2025-06-24 07:00:00,24.9,24.832807517578004,0.06719248242199427,0.06719248242199427,0.2698493269959609,24.822217049869842,0.07778295013015679,0.07778295013015679,0.31238132582392286,25.141147125071413,-0.24114712507141434,0.24114712507141434,0.9684623496843949
2025-06-24 08:00:00,24.5,24.547576832666092,-0.04757683266609192,0.04757683266609192,0.1941911537391507,24.507101554124933,-0.007101554124933074,0.007101554124933074,0.028985935203808467,25.39662187397265,-0.8966218739726486,0.8966218739726486,3.6596811182557087
2025-06-24 09:00:00,24.4,24.5432182409042,-0.14321824090420066,0.14321824090420066,0.5869600037057404,24.51186858890427,-0.11186858890427231,0.11186858890427231,0.45847782337816523,25.54553213387869,-1.1455321338786923,1.1455321338786923,4.69480382737169
2025-06-24 10:00:00,25.2,25.071521330810175,0.12847866918982476,0.12847866918982476,0.509835988848511,25.178997697038326,0.021002302961672825,0.021002302961672825,0.08334247207013026,25.627271605244157,-0.4272716052441581,0.4272716052441581,1.6955222430323733
2025-06-24 11:00:00,26.6,26.48130613586044,0.11869386413956207,0.11869386413956207,0.4462175343592559,26.491869611272936,0.10813038872706571,0.10813038872706571,0.4065052207784425,27.07853734052672,-0.47853734052671726,0.47853734052671726,1.7990125583711176
2025-06-24 12:00:00,28.6,28.643657610083125,-0.04365761008312319,0.04365761008312319,0.15264898630462653,28.45215568934662,0.1478443106533831,0.1478443106533831,0.5169381491377032,28.647088471484047,-0.04708847148404516,0.04708847148404516,0.16464500518896907
2025-06-24 13:00:00,30.1,30.30802805894185,-0.20802805894184928,0.20802805894184928,0.6911231194081371,30.071133627217293,0.028866372782708538,0.028866372782708538,0.09590157070667288,30.033731138272092,0.06626886172790947,0.06626886172790947,0.22016233132195837
2025-06-24 14:00:00,31.8,31.7441860067052,0.055813993294801634,0.055813993294801634,0.17551570218491078,31.840564605427794,-0.040564605427793055,0.040564605427793055,0.1275616522886574,31.31419291447781,0.48580708552218965,0.48580708552218965,1.5276952374911623
2025-06-24 15:00:00,32.6,32.14460141455831,0.4553985854416922,0.4553985854416922,1.3969281762015098,32.473896589053794,0.12610341094620736,0.12610341094620736,0.38682027897609617,31.61792368190138,0.9820763180986205,0.9820763180986205,3.012504043247302
2025-06-24 16:00:00,32.3,32.247347879471,0.052652120528996704,0.052652120528996704,0.16300966108048517,32.25409147840463,0.04590852159536496,0.04590852159536496,0.14213164580608348,31.886964012794543,0.4130359872054541,0.4130359872054541,1.2787491863945948
2025-06-24 17:00:00,32.3,32.11330023941287,0.18669976058712479,0.18669976058712479,0.5780178346350613,32.28259394953675,0.017406050463243616,0.017406050463243616,0.05388870112459324,32.04573968521946,0.254260314780538,0.254260314780538,0.787183637091449
2025-06-24 18:00:00,32.8,32.60375780654024,0.19624219345976002,0.19624219345976002,0.5982993703041464,32.911620866107135,-0.11162086610713828,0.11162086610713828,0.34030751861932407,32.19928361178554,0.6007163882144582,0.6007163882144582,1.8314524030928605
2025-06-24 19:00:00,32.6,32.102857323384264,0.49714267661573786,0.49714267661573786,1.5249775356310975,32.37892402269341,0.22107597730659023,0.22107597730659023,0.6781471696521172,31.959579563249413,0.6404204367505884,0.6404204367505884,1.964479867333093
2025-06-24 20:00:00,30.7,30.437187946164368,0.26281205383563133,0.26281205383563133,0.8560653219401672,30.615054532967047,0.08494546703295214,0.08494546703295214,0.27669533235489296,30.334735026930282,0.36526497306971706,0.36526497306971706,1.189788185894844
2025-06-24 21:00:00,29.6,29.49069521750532,0.10930478249468223,0.10930478249468223,0.3692729138333859,29.45775470335262,0.14224529664738128,0.14224529664738128,0.48055843461953135,29.325567952756586,0.2744320472434154,0.2744320472434154,0.9271352947412683
2025-06-24 22:00:00,28.3,28.270080715524823,0.02991928447517722,0.02991928447517722,0.10572185326917745,28.13706736679987,0.16293263320013196,0.16293263320013196,0.5757336862195476,28.474173395919625,-0.17417339591962389,0.17417339591962389,0.6154536958290596
2025-06-24 23:00:00,27.6,27.883069843963664,-0.28306984396366275,0.28306984396366275,1.0256153766799374,27.624574950947753,-0.024574950947751972,0.024574950947751972,0.08903967734692743,28.209455780480344,-0.6094557804803422,0.6094557804803422,2.2081731176823993
2025-06-25 00:00:00,27.5,27.832664199787146,-0.33266419978714623,0.33266419978714623,1.2096879992259861,27.59499348290599,-0.0949934829059913,0.0949934829059913,0.34543084693087744,28.068722822095825,-0.5687228220958254,0.5687228220958254,2.068082989439365
2025-06-25 01:00:00,27.0,27.2699450640516,-0.26994506405160124,0.26994506405160124,0.999796533524449,27.1023766179584,-0.1023766179583987,0.1023766179583987,0.37917265910518033,27.544669567176108,-0.5446695671761077,0.5446695671761077,2.0172946932448435
2025-06-25 02:00:00,26.5,26.456548007922237,0.04345199207776318,0.04345199207776318,0.16396978142552143,26.313961467005925,0.18603853299407547,0.18603853299407547,0.7020321999776433,26.981029239080183,-0.4810292390801827,0.4810292390801827,1.8152046757742741
2025-06-25 03:00:00,26.0,25.956952265741805,0.04304773425819519,0.04304773425819519,0.16556820868536612,25.931572749979512,0.06842725002048766,0.06842725002048766,0.2631817308480294,26.658216973205292,-0.6582169732052918,0.6582169732052918,2.531603743097276
2025-06-25 04:00:00,26.0,26.167242619365233,-0.16724261936523277,0.16724261936523277,0.6432408437124337,26.189579368790408,-0.18957936879040815,0.18957936879040815,0.7291514184246468,26.677922284966645,-0.6779222849666446,0.6779222849666446,2.6073934037178637
2025-06-25 05:00:00,25.5,25.57681863083615,-0.0768186308361507,0.0768186308361507,0.3012495326907871,25.624711311360194,-0.12471131136019409,0.12471131136019409,0.4890639661184082,25.8583620567751,-0.3583620567750998,0.3583620567750998,1.4053413991180386
2025-06-25 06:00:00,25.5,25.491008891563098,0.008991108436902095,0.008991108436902095,0.03525924877216508,25.44612325781991,0.05387674218009053,0.05387674218009053,0.21128134188270797,26.037926094909086,-0.5379260949090856,0.5379260949090856,2.1095140976826885
2025-06-25 07:00:00,25.6,25.615380267699077,-0.015380267699075745,0.015380267699075745,0.06007917069951463,25.628932030224654,-0.028932030224652294,0.028932030224652294,0.11301574306504802,26.116874228295778,-0.5168742282957766,0.5168742282957766,2.019039954280377
2025-06-25 08:00:00,25.4,25.409866508906102,-0.009866508906103633,0.009866508906103633,0.03884452325237651,25.433152549470282,-0.03315254947028379,0.03315254947028379,0.1305218483082039,26.19596328863193,-0.7959632886319312,0.7959632886319312,3.133713734771383
2025-06-25 09:00:00,25.1,25.1164067707248,-0.016406770724799458,0.016406770724799458,0.0653656204175277,25.08494213438745,0.015057865612551069,0.015057865612551069,0.059991496464346886,25.979219494159658,-0.8792194941596563,0.8792194941596563,3.50286651059624
2025-06-25 10:00:00,25.3,25.169054092108407,0.13094590789159355,0.13094590789159355,0.5175727584647966,25.276880392114364,0.023119607885636384,0.023119607885636384,0.09138184935034144,26.008719420974828,-0.7087194209748269,0.7087194209748269,2.801262533497339
2025-06-25 11:00:00,27.3,27.43226144856395,-0.1322614485639484,0.1322614485639484,0.4844741705639135,27.304197889159767,-0.004197889159765822,0.004197889159765822,0.015376883369105573,27.72812454444859,-0.4281245444485897,0.4281245444485897,1.5682217745369587
2025-06-25 12:00:00,30.2,30.215929328073877,-0.015929328073877258,0.015929328073877258,0.0527461194499247,30.154890570036706,0.04510942996329348,0.04510942996329348,0.149368973388389,29.856430763153412,0.34356923684658724,0.34356923684658724,1.1376464796244612
2025-06-25 13:00:00,31.7,31.538436286851272,0.16156371314872686,0.16156371314872686,0.5096647102483498,31.791083569232093,-0.09108356923209371,0.09108356923209371,0.28732987139461735,30.94793358969355,0.7520664103064476,0.7520664103064476,2.3724492438689198
2025-06-25 14:00:00,31.7,31.46772316815867,0.23227683184132886,0.23227683184132886,0.7327344853038765,31.5509965320608,0.14900346793919894,0.14900346793919894,0.47004248561261497,31.09297730908249,0.6070226909175105,0.6070226909175105,1.9148980786041339
2025-06-25 15:00:00,31.5,31.357445410621114,0.14255458937888577,0.14255458937888577,0.4525542519964627,31.552517517785514,-0.052517517785513945,0.052517517785513945,0.16672227868417125,31.13364201206833,0.3663579879316714,0.3663579879316714,1.1630412315291156
2025-06-25 16:00:00,32.5,31.915668969678094,0.5843310303219056,0.5843310303219056,1.7979416317597097,32.52557732244634,-0.025577322446338258,0.025577322446338258,0.0786994536810408,31.724213924775476,0.7757860752245236,0.7757860752245236,2.3870340776139187
2025-06-25 17:00:00,31.5,31.37076873039699,0.1292312696030109,0.1292312696030109,0.41025799873971713,31.464356862057073,0.03564313794292673,0.03564313794292673,0.11315281886643405,31.208227183841693,0.2917728161583071,0.2917728161583071,0.9262629084390701
2025-06-25 18:00:00,32.8,32.48116252211366,0.31883747788634054,0.31883747788634054,0.9720654813607944,32.72164814133246,0.07835185866753847,0.07835185866753847,0.23887761788883682,32.285766632032605,0.5142333679673925,0.5142333679673925,1.5677846584371724
2025-06-25 19:00:00,32.9,32.29446444834572,0.6055355516542775,0.6055355516542775,1.840533591654339,32.966699655209204,-0.06669965520920584,0.06669965520920584,0.20273451431369557,32.15337090940795,0.7466290905920516,0.7466290905920516,2.26938933310654
2025-06-25 20:00:00,31.4,31.302284197834318,0.09771580216568054,0.09771580216568054,0.311196822183696,31.233626068457678,0.16637393154232072,0.16637393154232072,0.5298532851666266,31.077612958807407,0.32238704119259154,0.32238704119259154,1.0267103222693998
2025-06-25 21:00:00,29.5,29.416290634144026,0.08370936585597377,0.08370936585597377,0.28376056222363993,29.373948770600723,0.12605122939927682,0.12605122939927682,0.42729230304839594,29.171690249488094,0.3283097505119059,0.3283097505119059,1.1129144085149354
2025-06-25 22:00:00,27.7,27.738360545070975,-0.03836054507097586,0.03836054507097586,0.13848572227789122,27.689819499425496,0.010180500574502815,0.010180500574502815,0.03675270965524482,28.130052331189482,-0.43005233118948283,0.43005233118948283,1.5525354916587828
2025-06-25 23:00:00,24.4,24.21333469178535,0.18666530821464988,0.18666530821464988,0.7650217549780733,24.421437997165196,-0.02143799716519723,0.02143799716519723,0.08786064411966078,25.045126831717447,-0.6451268317174481,0.6451268317174481,2.643962425071509
2025-06-26 00:00:00,24.9,24.739982989125444,0.16001701087455444,0.16001701087455444,0.642638597889777,24.85930937398259,0.04069062601740825,0.04069062601740825,0.16341616874461146,25.8420850016434,-0.9420850016434024,0.9420850016434024,3.783473902182339
2025-06-26 01:00:00,24.8,24.873680356659214,-0.07368035665921369,0.07368035665921369,0.29709821233553907,24.995687127265015,-0.19568712726501403,0.19568712726501403,0.7890609970363468,25.94425261116745,-1.144252611167449,1.144252611167449,4.6139218192235845
2025-06-26 02:00:00,24.9,24.83442124903504,0.06557875096495991,0.06557875096495991,0.2633684777709233,24.96141218717911,-0.06141218717911201,0.06141218717911201,0.24663528987595185,25.771044322699943,-0.8710443226999445,0.8710443226999445,3.4981699706825085
2025-06-26 03:00:00,24.9,24.85319174614024,0.04680825385975851,0.04680825385975851,0.18798495526007433,24.982924214489476,-0.08292421448947707,0.08292421448947707,0.3330289738533216,25.863658588919364,-0.9636585889193654,0.9636585889193654,3.870114814937211
2025-06-26 04:00:00,24.9,24.761199996733218,0.13880000326678044,0.13880000326678044,0.5574297319951022,24.862796219568782,0.037203780431216416,0.037203780431216416,0.1494127728161302,25.737571438093966,-0.837571438093967,0.837571438093967,3.3637407152368155
2025-06-26 05:00:00,24.8,24.684548420636933,0.11545157936306794,0.11545157936306794,0.4655305619478546,24.709976940455867,0.09002305954413359,0.09002305954413359,0.3629962078392483,25.64816340797902,-0.848163407979019,0.848163407979019,3.420013741850883
2025-06-26 06:00:00,24.5,24.547497060690308,-0.04749706069030779,0.04749706069030779,0.19386555383799098,24.50853513827195,-0.008535138271948739,0.008535138271948739,0.034837299069178526,25.43492126411263,-0.9349212641126314,0.9349212641126314,3.8160051596433937
2025-06-26 07:00:00,24.4,24.44290080965847,-0.042900809658473094,0.042900809658473094,0.17582299040357827,24.440544795965646,-0.04054479596564775,0.04054479596564775,0.16616719658052356,25.614214440267265,-1.2142144402672663,1.2142144402672663,4.976288689619944
2025-06-26 08:00:00,24.3,24.35437276106542,-0.05437276106541944,0.05437276106541944,0.22375621837621168,24.31149873526369,-0.011498735263689497,0.011498735263689497,0.047319898204483526,25.366681398590856,-1.0666813985908554,1.0666813985908554,4.389635385147553
2025-06-26 09:00:00,24.4,24.43592718742345,-0.035927187423450135,0.035927187423450135,0.1472425714075825,24.43982604991991,-0.03982604991990968,0.03982604991990968,0.16322151606520363,25.639249481920228,-1.239249481920229,1.239249481920229,5.078891319345201
2025-06-26 10:00:00,24.7,24.561772408776214,0.13822759122378514,0.13822759122378514,0.5596258753999398,24.711915101902264,-0.011915101902264524,0.011915101902264524,0.04823927895653654,25.680528115351606,-0.980528115351607,0.980528115351607,3.9697494548648056
2025-06-26 11:00:00,25.9,25.78361756979887,0.11638243020112782,0.11638243020112782,0.44935301235956693,25.831277019995852,0.06872298000414645,0.06872298000414645,0.2653396911357006,26.55737005440278,-0.657370054402783,0.657370054402783,2.5381083181574633
2025-06-26 12:00:00,28.4,28.573437712334297,-0.17343771233429806,0.17343771233429806,0.6106961701911904,28.313956908369402,0.08604309163059654,0.08604309163059654,0.3029686325021005,28.504442678595105,-0.10444267859510603,0.10444267859510603,0.36775591054614803
2025-06-26 13:00:00,30.0,30.008350843830396,-0.00835084383039586,0.00835084383039586,0.027836146101319532,29.85886409656518,0.14113590343481874,0.14113590343481874,0.4704530114493958,29.739667301361024,0.260332698638976,0.260332698638976,0.86777566212992
2025-06-26 14:00:00,31.3,31.36418153034614,-0.06418153034613994,0.06418153034613994,0.20505281260747585,31.257722091038886,0.04227790896111472,0.04227790896111472,0.13507319156905662,30.747371475907677,0.5526285240923237,0.5526285240923237,1.7655863389531106
2025-06-26 15:00:00,30.4,30.52606015499813,-0.1260601549981324,0.1260601549981324,0.41467156249385656,30.520610703081772,-0.12061070308177335,0.12061070308177335,0.3967457338216229,30.43269104487269,-0.03269104487269203,0.03269104487269203,0.1075363318180659
2025-06-26 16:00:00,30.3,30.45055519834348,-0.1505551983434792,0.1505551983434792,0.4968818427177531,30.433098868539734,-0.13309886853973296,0.13309886853973296,0.4392701932004388,30.42542229709685,-0.1254222970968506,0.1254222970968506,0.4139349739169987
2025-06-26 17:00:00,32.3,32.211788195565994,0.08821180443400323,0.08821180443400323,0.2731015617151803,32.360889463690434,-0.060889463690436685,0.060889463690436685,0.1885122714874201,32.011793748645104,0.2882062513548931,0.2882062513548931,0.8922794159594214
2025-06-26 18:00:00,30.9,30.95856770704418,-0.058567707044179684,0.058567707044179684,0.18953950499734526,30.88975604136587,0.010243958634127637,0.010243958634127637,0.033151969689733454,30.967763009570326,-0.06776300957032788,0.06776300957032788,0.2192977655997666
2025-06-26 19:00:00,33.2,32.60032721641982,0.5996727835801821,0.5996727835801821,1.8062433240366926,32.9277093895362,0.27229061046380565,0.27229061046380565,0.820152441156041,31.654977579551947,1.5450224204480563,1.5450224204480563,4.653681989301374
2025-06-26 20:00:00,30.6,30.701136483179525,-0.1011364831795234,0.1011364831795234,0.3305113829396189,30.654947651547253,-0.05494765154725201,0.05494765154725201,0.17956748871650982,30.462720499981522,0.13727950001847944,0.13727950001847944,0.44862581705385435
2025-06-26 21:00:00,28.1,28.20272273095384,-0.10272273095383966,0.10272273095383966,0.3655613201204258,28.055539685453464,0.044460314546537205,0.044460314546537205,0.15822175995208967,28.44207306795933,-0.3420730679593298,0.3420730679593298,1.2173418788588248
2025-06-26 22:00:00,27.3,27.31178924075782,-0.011789240757821062,0.011789240757821062,0.04318403207993063,27.175889619627434,0.12411038037256716,0.12411038037256716,0.4546167779214914,27.84737494186349,-0.5473749418634881,0.5473749418634881,2.005036417082374
2025-06-26 23:00:00,27.4,27.59722212217519,-0.19722212217519086,0.19722212217519086,0.7197887670627404,27.42547919776304,-0.025479197763040418,0.025479197763040418,0.09298977285781175,27.850960406988747,-0.45096040698874873,0.45096040698874873,1.6458409014187911
2025-06-27 00:00:00,25.0,24.945957399972663,0.05404260002733707,0.05404260002733707,0.2161704001093483,25.032986051333772,-0.03298605133377208,0.03298605133377208,0.13194420533508833,25.571481282221182,-0.5714812822211819,0.5714812822211819,2.2859251288847275
2025-06-27 01:00:00,25.6,25.409738522750708,0.19026147724929388,0.19026147724929388,0.7432088955050542,25.402516964105185,0.19748303589481608,0.19748303589481608,0.7714181089641253,25.625784529291288,-0.025784529291286162,0.025784529291286162,0.10072081754408657
2025-06-27 02:00:00,25.6,25.416445178914234,0.18355482108576737,0.18355482108576737,0.7170110198662788,25.402776545824633,0.19722345417536857,0.19722345417536857,0.7704041178725335,25.572587558949223,0.027412441050778114,0.027412441050778114,0.107079847854602
2025-06-27 03:00:00,25.6,25.42404592953511,0.17595407046488987,0.17595407046488987,0.687320587753476,25.40590014649297,0.19409985350702996,0.19409985350702996,0.7582025527618358,25.533032311254182,0.06696768874581949,0.06696768874581949,0.26159253416335737
2025-06-27 04:00:00,25.6,25.432201757056227,0.16779824294377477,0.16779824294377477,0.6554618864991202,25.417539030403177,0.1824609695968249,0.1824609695968249,0.7127381624875972,25.510862069659904,0.08913793034009743,0.08913793034009743,0.3481950403910056
2025-06-27 05:00:00,25.6,25.44061674824806,0.15938325175194024,0.15938325175194024,0.6225908271560165,25.416052937590994,0.1839470624090076,0.1839470624090076,0.7185432125351859,25.50987202373772,0.09012797626228064,0.09012797626228064,0.35206240727453375
2025-06-27 06:00:00,25.6,25.44908387737392,0.15091612262608223,0.15091612262608223,0.5895161040081337,25.446540262026673,0.15345973797332846,0.15345973797332846,0.5994521014583143,25.53391586135266,0.06608413864734075,0.06608413864734075,0.2581411665911748
2025-06-27 07:00:00,25.6,25.457171966397407,0.14282803360259422,0.14282803360259422,0.5579220062601337,25.43807650013956,0.16192349986044263,0.16192349986044263,0.632513671329854,25.583321854648382,0.016678145351619378,0.016678145351619378,0.0651490052797632
2025-06-27 08:00:00,25.6,25.464638417421277,0.13536158257872444,0.13536158257872444,0.5287561819481423,25.43807650013956,0.16192349986044263,0.16192349986044263,0.632513671329854,25.658274482428872,-0.05827448242887101,0.05827448242887101,0.22763469698777739
2025-06-27 09:00:00,25.6,25.47116481074547,0.12883518925453075,0.12883518925453075,0.5032624580255107,25.434528881091943,0.16547111890805866,0.16547111890805866,0.6463715582346041,25.755763258096962,-0.155763258096961,0.155763258096961,0.608450226941254
2025-06-27 10:00:00,25.6,25.47649810149133,0.1235018985086711,0.1235018985086711,0.4824292910494965,25.433598325536387,0.1664016744636143,0.1664016744636143,0.6500065408734934,25.870738537109908,-0.2707385371099065,0.2707385371099065,1.0575724105855722
2025-06-27 11:00:00,25.6,25.47978265569433,0.12021734430567221,0.12021734430567221,0.4695990011940321,25.434223325536387,0.16577667446361488,0.16577667446361488,0.6475651346234956,25.988236584961232,-0.3882365849612306,0.3882365849612306,1.516549160004807
2025-06-27 12:00:00,25.6,25.479582619233867,0.12041738076613484,0.12041738076613484,0.4703803936177142,25.432623325536387,0.1673766744636147,0.1673766744636147,0.6538151346234949,26.083221418417423,-0.48322141841742194,0.48322141841742194,1.8875836656930545
2025-06-27 13:00:00,25.6,25.47650740648298,0.12349259351702102,0.12349259351702102,0.48239294342586336,25.432623325536387,0.1673766744636147,0.1673766744636147,0.6538151346234949,26.15395415078204,-0.5539541507820402,0.5539541507820402,2.1638834014923445
2025-06-27 14:00:00,25.6,25.470693469149058,0.12930653085094335,0.12930653085094335,0.5051036361364974,25.432623325536387,0.1673766744636147,0.1673766744636147,0.6538151346234949,26.19341160756243,-0.5934116075624303,0.5934116075624303,2.3180140920407433
2025-06-27 15:00:00,25.6,25.464930131035604,0.135069868964397,0.135069868964397,0.5276166756421757,25.432623325536387,0.1673766744636147,0.1673766744636147,0.6538151346234949,26.22698882076474,-0.6269888207647369,0.6269888207647369,2.4491750811122537
2025-06-27 16:00:00,25.6,25.458635579093425,0.14136442090657653,0.14136442090657653,0.5522047691663146,25.432623325536387,0.1673766744636147,0.1673766744636147,0.6538151346234949,26.24026997411659,-0.6402699741165883,0.6402699741165883,2.501054586392923
2025-06-27 17:00:00,25.6,25.448407365969878,0.15159263403012346,0.15159263403012346,0.5921587266801698,25.432623325536387,0.1673766744636147,0.1673766744636147,0.6538151346234949,26.187952754707904,-0.5879527547079029,0.5879527547079029,2.2966904480777455
2025-06-27 18:00:00,25.6,25.439714962089482,0.16028503791051918,0.16028503791051918,0.6261134293379655,25.432623325536387,0.1673766744636147,0.1673766744636147,0.6538151346234949,26.130897674342854,-0.5308976743428531,0.5308976743428531,2.07381904040177
2025-06-27 19:00:00,25.6,25.42441138981138,0.1755886101886226,0.1755886101886226,0.685893008549307,25.417690233628292,0.18230976637170926,0.18230976637170926,0.7121475248894893,25.981486529998357,-0.3814865299983552,0.3814865299983552,1.490181757806075
2025-06-27 20:00:00,25.6,25.41252363281461,0.18747636718538985,0.18747636718538985,0.7323295593179291,25.413563479242324,0.18643652075767747,0.18643652075767747,0.7282676592096776,25.852408637633474,-0.2524086376334722,0.2524086376334722,0.9859712407557508
2025-06-27 21:00:00,25.6,25.40623865209639,0.19376134790361021,0.19376134790361021,0.7568802652484774,25.411484589504617,0.18851541049538412,0.18851541049538412,0.7363883222475942,25.757672114928955,-0.15767211492895328,0.15767211492895328,0.6159066989412237
2025-06-27 22:00:00,25.6,25.40160416444568,0.19839583555432228,0.19839583555432228,0.7749837326340714,25.41416290213402,0.18583709786598135,0.18583709786598135,0.7259261635389896,25.661393855798373,-0.06139385579837153,0.06139385579837153,0.2398197492123888
2025-06-27 23:00:00,25.6,25.388103894361095,0.21189610563890682,0.21189610563890682,0.8277191626519798,25.41264710126822,0.18735289873178118,0.18735289873178118,0.7318472606710202,25.501507260310653,0.09849273968934824,0.09849273968934824,0.38473726441151657
